{
  "CP_Rejections": 0,
  "DeletedArcs": 0,
  "ILSIterations": 14,
  "InfTailPath": 0,
  "SolutionProgress": {
    "BestSolProgress": [
      [
        60.2462045,
        1171.9987411862871
      ],
      [
        108.0980449,
        1165.3358157682385
      ]
    ],
    "CurrSolProgress": [
      [
        60.2462045,
        1171.9987411862871
      ],
      [
        86.6518448,
        1176.5022078817433
      ],
      [
        108.0980449,
        1165.3358157682385
      ],
      [
        127.1116236,
        1168.799921976698
      ],
      [
        193.6031415,
        1218.8203331907457
      ],
      [
        262.2228952,
        1224.4707352721548
      ],
      [
        317.4292249,
        1205.9389033134876
      ],
      [
        359.050751,
        1208.1130400177353
      ],
      [
        396.464079,
        1199.4860154961748
      ],
      [
        418.2201232,
        1177.2337226546995
      ],
      [
        457.77014,
        1183.3190535408455
      ],
      [
        484.8614678,
        1216.149057575163
      ],
      [
        539.9699252,
        1256.1270585553145
      ],
      [
        596.1412553,
        1237.2531565474535
      ],
      [
        624.25199,
        1198.4308750135708
      ]
    ]
  },
  "Timer": {
    "InfeasibleArcs": 0.0,
    "LowerBoundVehicles": 0.079018,
    "MetaHeuristic": 563.9999377,
    "StartSolution": 60.2520594
  }
}