{
  "CP_Rejections": 0,
  "DeletedArcs": 0,
  "ILSIterations": 53,
  "InfTailPath": 0,
  "SolutionProgress": {
    "BestSolProgress": [
      [
        7.7602288,
        451.1690717066518
      ]
    ],
    "CurrSolProgress": [
      [
        7.7602288,
        451.1690717066518
      ],
      [
        18.8474894,
        527.6095015337178
      ],
      [
        28.8190073,
        523.2086083071598
      ],
      [
        40.1725639,
        533.9784290070284
      ],
      [
        60.0739701,
        504.16846980522524
      ],
      [
        76.7989536,
        542.730815535044
      ],
      [
        101.4311873,
        540.783088489707
      ],
      [
        115.4290276,
        532.1511404988349
      ],
      [
        136.5982761,
        529.2329617728034
      ],
      [
        148.6257374,
        507.6889030142836
      ],
      [
        158.8305269,
        502.78817959367586
      ],
      [
        168.5991532,
        502.34245362975986
      ],
      [
        177.209995,
        488.87433070972605
      ],
      [
        185.3311087,
        469.13820219918426
      ],
      [
        196.1766761,
        474.53473814406476
      ],
      [
        210.1080457,
        547.5693268013717
      ],
      [
        218.6472094,
        612.2579896531389
      ],
      [
        250.2642958,
        516.3473253715717
      ],
      [
        261.7318787,
        520.5895089506977
      ],
      [
        266.9377878,
        490.1190499315917
      ],
      [
        272.7279015,
        483.91525905269515
      ],
      [
        291.4974759,
        513.4651591882189
      ],
      [
        302.493655,
        535.4327594287901
      ],
      [
        316.4954097,
        521.5899837199992
      ],
      [
        325.652049,
        464.5386529077292
      ],
      [
        343.0923584,
        506.61569882484537
      ],
      [
        347.4753082,
        521.9007320915491
      ],
      [
        355.1097126,
        480.53405286925766
      ],
      [
        364.5287552,
        512.5482731916575
      ],
      [
        374.5893259,
        510.01531929959754
      ],
      [
        379.6289262,
        517.5139863916766
      ],
      [
        384.4267627,
        498.09101165006916
      ],
      [
        404.2095535,
        539.1191608487226
      ],
      [
        411.5913809,
        478.6120704787762
      ],
      [
        419.1116167,
        485.1507357023766
      ],
      [
        429.3714747,
        475.4840701569215
      ],
      [
        441.5731083,
        459.3590807791834
      ],
      [
        449.9943427,
        492.9490745907845
      ],
      [
        456.9767247,
        511.7856041747616
      ],
      [
        467.2493044,
        509.730211294431
      ],
      [
        473.8041376,
        533.7561304534642
      ],
      [
        490.2946614,
        460.7803941533443
      ],
      [
        493.7951159,
        479.09493774101225
      ],
      [
        499.9620557,
        488.6233320932914
      ],
      [
        503.6719369,
        491.78241244782305
      ],
      [
        508.112113,
        527.7278322066873
      ],
      [
        514.1050953,
        540.3510516319271
      ],
      [
        531.4610153,
        549.3446214201576
      ],
      [
        542.1755186,
        563.9041423868165
      ],
      [
        551.0747643,
        558.1418548270497
      ],
      [
        563.7400453,
        575.2471013396516
      ],
      [
        590.6639754,
        590.693079760965
      ],
      [
        594.1622729,
        490.1456824444153
      ],
      [
        604.2816258,
        456.39513329186155
      ]
    ]
  },
  "Timer": {
    "InfeasibleArcs": 0.0,
    "LowerBoundVehicles": 0.0084404,
    "MetaHeuristic": 596.5179959,
    "StartSolution": 7.7636353
  }
}