{
  "CP_Rejections": 0,
  "DeletedArcs": 0,
  "ILSIterations": 10,
  "InfTailPath": 0,
  "SolutionProgress": {
    "BestSolProgress": [
      [
        71.9609055,
        1384.5099693996465
      ]
    ],
    "CurrSolProgress": [
      [
        71.9609055,
        1384.5099693996465
      ],
      [
        133.6197746,
        1425.8613307598905
      ],
      [
        187.460736,
        1479.9775776831507
      ],
      [
        240.0430763,
        1480.9642202275393
      ],
      [
        282.440912,
        1466.082992184288
      ],
      [
        344.8964422,
        1483.1840419355426
      ],
      [
        402.8799402,
        1505.816874000203
      ],
      [
        432.4553354,
        1426.3924132272266
      ],
      [
        479.0160108,
        1451.832191145906
      ],
      [
        516.9780893,
        1420.116920927393
      ],
      [
        616.7679741,
        1454.0817364220156
      ]
    ]
  },
  "Timer": {
    "InfeasibleArcs": 0.0,
    "LowerBoundVehicles": 0.1403975,
    "MetaHeuristic": 544.7981326,
    "StartSolution": 71.9698463
  }
}