{
  "CP_Rejections": 0,
  "DeletedArcs": 0,
  "ILSIterations": 26,
  "InfTailPath": 0,
  "SolutionProgress": {
    "BestSolProgress": [
      [
        19.9460753,
        2794.0527441833474
      ],
      [
        126.5899547,
        2783.9800941363706
      ]
    ],
    "CurrSolProgress": [
      [
        19.9460753,
        2794.0527441833474
      ],
      [
        53.7881725,
        3020.0017321197683
      ],
      [
        65.8303844,
        2931.945807212666
      ],
      [
        86.8219595,
        2865.6001154443215
      ],
      [
        95.6838352,
        2805.7897979092545
      ],
      [
        114.6929999,
        3076.6252969627135
      ],
      [
        126.5899547,
        2783.9800941363706
      ],
      [
        146.3496461,
        2881.8468119811264
      ],
      [
        176.4878589,
        2878.5645013667654
      ],
      [
        212.2147414,
        2880.367478895876
      ],
      [
        231.6391644,
        3070.4486888317056
      ],
      [
        274.3345636,
        3109.3231676793253
      ],
      [
        292.9055629,
        3278.0843226661787
      ],
      [
        308.8798448,
        2800.781639370135
      ],
      [
        330.0315962,
        2988.2945074836875
      ],
      [
        348.9862567,
        3004.3875102816082
      ],
      [
        370.1602071,
        2976.06579329604
      ],
      [
        389.4923646,
        2914.991675629465
      ],
      [
        403.2641169,
        2988.724487828557
      ],
      [
        441.1595317,
        3094.5433227856597
      ],
      [
        471.413251,
        3072.538919473621
      ],
      [
        482.3775314,
        2928.793600331167
      ],
      [
        508.2825178,
        3121.7090093360125
      ],
      [
        536.1625888,
        2980.265485782863
      ],
      [
        567.477687,
        3204.547033121332
      ],
      [
        586.4829038,
        3148.31351465235
      ],
      [
        647.7601565,
        3122.010277867621
      ]
    ]
  },
  "Timer": {
    "InfeasibleArcs": 0.0,
    "LowerBoundVehicles": 0.0089239,
    "MetaHeuristic": 627.8104653,
    "StartSolution": 19.949696
  }
}