{"mean": [8.595311577808381, 4.246169830808578, 0.5416959939996064, 0.4249478700595054, 1.2764850507852226, 1.6625971183902764, 0.25528779731168244, 3.4293532567709364, 3.433640074759001, 3.4186954882287357, 0.47743062352834714, 1.5727085748952359, 0.9184088257028301, 0.38421602123286624, 1.157765495411925, 3.8234825104572594, 2.2205444995397565, 0.9438984956463763, 0.23486280910047755, 0.7862642009068653, 0.457614125504753, 0.1949855843335103, 0.2495524296675193, 0.5504610958095613, 0.4004319595553506, 0.11468167579570605, 0.25505145829234704, 0.5481350211489278, 0.40156379554302474, 0.11174933828557697, 0.25151280411830285, 0.5485861777821495, 0.3991445487980154, 0.11300141383989384, 0.028574231370363058, 0.11806987179487176, 0.06391407582068578, 0.03151607868436687], "std": [4.222229333278487, 2.0636454184814, 0.2579287840577645, 0.2558082824591244, 1.1242825557890566, 1.2655146679118656, 0.17088544955625085, 1.6629897239030809, 1.691674077428891, 1.6668916036156776, 0.15890709219107502, 0.41624942166857865, 0.16291078303307321, 0.14571820882831854, 0.37161115410906737, 0.9611950432483231, 0.3904238997087496, 0.3465216197775822, 0.07612877498913129, 0.21157037803878737, 0.08393897979681988, 0.075592891808026, 0.058801529450581834, 0.05914507368858576, 0.04645842886250807, 0.03053857050352804, 0.05743676390862623, 0.053541140320256926, 0.04598708630594271, 0.029820941846823417, 0.05649844153209646, 0.058089328184805444, 0.04612615969822249, 0.029103393821053574, 0.012143326877076607, 0.0323634785234773, 0.012749780841711888, 0.011364995127550804]}