{"mean": [8.034189457115614, 3.94783547490402, 0.5108081811868018, 0.4161416758066768, 0.006365901623856771, -0.0012575698820216248, 0.25200781849447806, 7.707243402499255, 1.3374423407106955, 3.2165429819206697, 0.48088837174498666, 1.5414828788120454, 0.911747922102449, 0.37981286598746344, 1.1569255069264417, 3.7784882911003774, 2.209632604250655, 0.943165173615393, 0.23700609027364403, 0.7798737204815069, 0.45715409322442874, 0.19518006019548934, 0.25177283711450466, 0.5501335391662755, 0.4006262259472053, 0.1148273935641355, 0.2555421024220685, 0.5474485291520994, 0.40241639919378347, 0.11220545857052128, 0.25408411908041106, 0.548990930906388, 0.4020713693382633, 0.11326677350092386, 0.029109510972992247, 0.1180852380447888, 0.0645448523536629, 0.031849825421919706], "std": [3.8566837497059634, 1.8973854992682484, 0.23725145578474763, 0.2632373437677377, 0.3517147749572617, 0.22757189901425065, 0.17446831307666952, 3.650489778337898, 0.6444531028278216, 1.5253104680653438, 0.15767960197056388, 0.40686070439846134, 0.16348073557784268, 0.1457753086663373, 0.36468953401559, 0.9475318018048158, 0.38984707284579384, 0.3492787725591277, 0.0755468611195134, 0.21177796886003372, 0.08421033270447947, 0.0772092692262775, 0.05831532877650253, 0.05840037027292649, 0.04671550008358477, 0.030442965543555727, 0.056451795122371376, 0.05276924656732001, 0.04627189273555021, 0.03008610478254226, 0.05602680854382106, 0.05671384143502413, 0.04721430849100231, 0.028849474266746597, 0.011866400408076605, 0.03208397346385616, 0.013023707435538023, 0.011550840675416157]}