{"mean": [10.592116996611379, 0.6401783841626538, 0.5528689881972713, 1.9123359857731461, 2.3377688385549806, 0.25555034199205345, 4.14876939539861, 4.2057178526841446, 4.128479281850068, 0.45297205827845044, 1.6779421162389798, 0.9312217192992178, 0.39724783687882653, 1.0890665548395777, 3.9566522228731493, 2.211768654625148, 0.938189792740126, 0.22073708472632877, 0.83739498017805, 0.46471658420221285, 0.20071173646866558, 0.23828428749777072, 0.5630568931692527, 0.39856073699982714, 0.11634552522969427, 0.24125052018310444, 0.5524210807918674, 0.39399862823027076, 0.1114083363016581, 0.23736995422388682, 0.5560757386600083, 0.3921217423186338, 0.1132208919652007, 0.025379549372807775, 0.12125942571785267, 0.06149500211017181, 0.031467076284575866], "std": [4.353621100680611, 0.2519644726954864, 0.268709951589524, 1.3153442149397598, 1.5270145016441483, 0.1452687744305316, 1.679625346058511, 1.729607711808504, 1.6707117311509183, 0.13374967939573995, 0.40122899939274553, 0.14494109215806236, 0.12707331174200484, 0.30111736305781445, 0.9346853825958581, 0.3415945962714719, 0.30500092939699125, 0.06656272622166008, 0.1992132225252445, 0.0772451883111424, 0.06324400604943119, 0.04755535170686592, 0.04769187420870904, 0.04098320333091062, 0.024811262425655668, 0.04512874657675559, 0.04741352357866951, 0.04144424567829122, 0.023767193233093148, 0.04541427594573418, 0.04960951269478017, 0.04047840035563723, 0.023156554731314706, 0.009661916679990324, 0.031269478667206196, 0.01147860264778585, 0.010304228204062281]}