{"mean": [13.135770524153763, 7.263979782928254, 0.7609862766221649, 0.6565777477236475, 2.852997150616494, 3.3893693251355304, 0.25679584820049856, 5.097183319573374, 5.144180141358411, 5.039661404321299, 0.4288567395690898, 1.7522748417818013, 0.9336187093857461, 0.4025358834964894, 1.0281762411162465, 4.16452114874789, 2.227016950147188, 0.9609062177386665, 0.20722669931025958, 0.8802775401752031, 0.4642885576131653, 0.20615121710533746, 0.228839934757657, 0.5699250921246048, 0.39400097371572296, 0.11611935654894297, 0.2306672573380856, 0.5622632280193041, 0.3910818847817753, 0.1129406650521379, 0.22809414496956032, 0.5635606075861004, 0.386761436932542, 0.11313209637035071, 0.022982212959420403, 0.12177204032227387, 0.0593259435434667, 0.030365314542696642, 0.022958142748180387, 0.12797525962215275, 0.060469878653659055, 0.031415455275867, 0.07312038621856184, 0.27466273333199087, 0.15341671376249158, 0.06348727860225638], "std": [4.363666265819667, 2.7192129871270296, 0.22172953612396584, 0.2562986013286149, 1.6421767235111422, 1.7547151245029633, 0.1250335402700308, 1.6277610871344907, 1.6721553211539828, 1.6091007806966688, 0.11169066246644076, 0.37544648568714106, 0.12971314459098265, 0.10691261028953665, 0.254045527824753, 0.8681100785507571, 0.2999096627512643, 0.25937974162453353, 0.052824904380837576, 0.18863314868840472, 0.06779642655617457, 0.056547547145538, 0.038805711710258005, 0.039630708392830866, 0.03596350026977927, 0.020009579428261304, 0.03610847281869302, 0.037915556693930166, 0.0359393374727161, 0.01959605066222743, 0.03647712390839729, 0.040894043859027146, 0.035772827629458756, 0.018854116657623828, 0.008063613627590638, 0.02808462214028884, 0.009731780666995994, 0.008678370786801507, 0.007243941262096905, 0.03996640592516974, 0.010448548727265439, 0.010802122655509871, 0.019603907260814513, 0.03970864806146219, 0.019598968245085353, 0.014539141170082766]}