{"mean": [13.039393999760946, 7.211542292521615, 0.7556072544944241, 0.6541925485939811, 2.830943753686837, 3.3586135515580526, 0.2570488666501035, 5.059973338911244, 5.10679887644926, 5.00297770827523, 0.43027063338718163, 1.7476416049350576, 0.9333958999776302, 0.4019602130580522, 1.0313705487909832, 4.15444139137476, 2.226693489329016, 0.9598871301574334, 0.20798080198799992, 0.878424132299823, 0.46428664392018354, 0.20602466610170225, 0.22933921670186072, 0.5694406151639506, 0.3940601905253935, 0.11610790747015108, 0.231183513287382, 0.5617764485968896, 0.39113717157751154, 0.11287056945053357, 0.22858862238867422, 0.5630959732791477, 0.38687384249215384, 0.1131133846981857, 0.023079640733805216, 0.12159505391981086, 0.05936928408660186, 0.030394624884078514, 0.023074705948786373, 0.12760166223988484, 0.06046708398507384, 0.03138413548569611, 0.07335551549198507, 0.27422935508718804, 0.15346207478142201, 0.0634791435882565], "std": [4.433767598627565, 2.754949590974212, 0.2261897723230166, 0.2575061167159407, 1.6480723292516197, 1.7716812806189, 0.126104102942692, 1.6562675979044703, 1.6995879745009324, 1.6365811056621389, 0.11316375432221926, 0.3778256126377973, 0.13070139955899784, 0.1081090998035519, 0.25839424197865757, 0.8737491996356107, 0.3027411389616864, 0.26207441182278446, 0.05376869612632506, 0.18985001109892918, 0.0683476394029883, 0.057119450604690945, 0.03935475069932086, 0.04036559796090055, 0.0362240391405102, 0.020407220961741492, 0.037004858197495084, 0.0386920196223453, 0.0362658698815681, 0.01994781990403369, 0.03731029671555783, 0.0415300120828932, 0.03607946739520026, 0.0191978785374242, 0.008159960393304766, 0.028223333655404033, 0.00982374009016421, 0.008786777179908658, 0.007396190681562609, 0.039992197437607416, 0.010556965014614037, 0.010907781113196784, 0.019839049433713687, 0.04011644553136139, 0.01974121520025526, 0.014735964153032861]}