{
  "CP_Rejections": 0,
  "DeletedArcs": 0,
  "ILSIterations": 64,
  "InfTailPath": 0,
  "SolutionProgress": {
    "BestSolProgress": [
      [
        4.0522678,
        900.8369608032973
      ],
      [
        27.6273374,
        874.7454625133673
      ],
      [
        32.8020051,
        864.8519653130471
      ],
      [
        69.6419021,
        855.2144446538942
      ],
      [
        339.4091236,
        828.3564217257111
      ],
      [
        527.0449608,
        815.2497096658753
      ]
    ],
    "CurrSolProgress": [
      [
        4.0522678,
        900.8369608032973
      ],
      [
        7.9859707,
        937.7686515992802
      ],
      [
        17.5365079,
        956.3514164747984
      ],
      [
        20.0514652,
        901.4646110977894
      ],
      [
        27.6273374,
        874.7454625133673
      ],
      [
        32.8020051,
        864.8519653130471
      ],
      [
        43.443079,
        875.4975210786389
      ],
      [
        51.834876,
        959.8433628015698
      ],
      [
        59.2943456,
        957.352532988628
      ],
      [
        63.7459781,
        875.5312287201169
      ],
      [
        69.6419021,
        855.2144446538942
      ],
      [
        76.0275367,
        927.9815041053029
      ],
      [
        80.7664919,
        971.1267597657965
      ],
      [
        88.0851055,
        942.7663976875817
      ],
      [
        94.1186952,
        893.6356727213501
      ],
      [
        99.7331388,
        875.8224277657574
      ],
      [
        107.4314633,
        987.8240320661772
      ],
      [
        117.5550188,
        937.9199329511558
      ],
      [
        130.8372103,
        1013.2786723570691
      ],
      [
        155.8132746,
        1089.4082979902996
      ],
      [
        195.7462403,
        986.8200551197242
      ],
      [
        244.936957,
        1042.7956304663055
      ],
      [
        252.8352743,
        888.9230808391001
      ],
      [
        255.9129361,
        898.6714959330137
      ],
      [
        258.0173393,
        946.023312246056
      ],
      [
        264.9798072,
        912.943200497389
      ],
      [
        274.145602,
        881.4825189400149
      ],
      [
        284.381768,
        881.6366980929323
      ],
      [
        293.5619578,
        868.4510707580652
      ],
      [
        302.2706645,
        874.279343866662
      ],
      [
        317.8951224,
        918.8872292277864
      ],
      [
        332.4919973,
        939.6514631138089
      ],
      [
        336.5458601,
        869.8443681628673
      ],
      [
        339.4091236,
        828.3564217257111
      ],
      [
        344.2259774,
        895.0005749569891
      ],
      [
        349.360348,
        910.7605719009327
      ],
      [
        357.0598137,
        1031.5807272548154
      ],
      [
        361.4736943,
        900.1394259220662
      ],
      [
        369.2146159,
        957.2375095818314
      ],
      [
        374.3180648,
        901.0342518997551
      ],
      [
        377.7723272,
        831.7572384451698
      ],
      [
        388.1716881,
        949.3179817731528
      ],
      [
        394.0718976,
        880.0629486448503
      ],
      [
        401.6663583,
        832.0724120846011
      ],
      [
        409.3731774,
        895.6519862133861
      ],
      [
        410.2761738,
        896.3251975270892
      ],
      [
        412.8961085,
        873.3155916041203
      ],
      [
        418.7677451,
        867.512476401708
      ],
      [
        435.8704759,
        888.4717250980308
      ],
      [
        455.9435886,
        913.4084303999398
      ],
      [
        475.8893998,
        1003.6404758160274
      ],
      [
        485.4200888,
        939.477097325888
      ],
      [
        488.9065414,
        907.7902137478186
      ],
      [
        493.1992278,
        881.6792459261858
      ],
      [
        496.9581553,
        902.3622902047509
      ],
      [
        503.4134395,
        840.7327352985365
      ],
      [
        510.7147733,
        897.3350577880813
      ],
      [
        519.3839827,
        856.7839432153736
      ],
      [
        527.0449608,
        815.2497096658753
      ],
      [
        530.254213,
        837.4847570490463
      ],
      [
        541.4233479,
        891.9562466437541
      ],
      [
        551.7921095,
        948.0654066665644
      ],
      [
        564.8460898,
        972.7965643208506
      ],
      [
        599.7065485,
        911.2400575314374
      ],
      [
        611.6694436,
        905.7415908381749
      ]
    ]
  },
  "Timer": {
    "InfeasibleArcs": 0.0,
    "LowerBoundVehicles": 0.0386537,
    "MetaHeuristic": 607.6142184,
    "StartSolution": 4.0552319
  }
}