{
  "CP_Rejections": 0,
  "DeletedArcs": 0,
  "ILSIterations": 22,
  "InfTailPath": 0,
  "SolutionProgress": {
    "BestSolProgress": [
      [
        27.6996207,
        1187.3219070847856
      ]
    ],
    "CurrSolProgress": [
      [
        27.6996207,
        1187.3219070847856
      ],
      [
        51.0627155,
        1204.2700819074037
      ],
      [
        68.4106554,
        1237.0589442037694
      ],
      [
        89.1876507,
        1254.5158370486783
      ],
      [
        128.8679685,
        1273.1821846460189
      ],
      [
        161.835851,
        1227.845411944426
      ],
      [
        193.2713162,
        1210.755730402986
      ],
      [
        208.6255886,
        1196.1054713413073
      ],
      [
        234.8404779,
        1240.3410587481737
      ],
      [
        262.5719646,
        1251.7976493088768
      ],
      [
        306.0860961,
        1284.741944573461
      ],
      [
        333.3813314,
        1256.9227598134587
      ],
      [
        341.6331474,
        1208.45511190634
      ],
      [
        363.6014434,
        1219.961014755344
      ],
      [
        382.4126456,
        1258.7125949765398
      ],
      [
        405.0496118,
        1280.3984330243686
      ],
      [
        435.5439516,
        1292.732308291427
      ],
      [
        479.6290775,
        1256.8807191655378
      ],
      [
        513.0245236,
        1248.7049249328445
      ],
      [
        538.4653818,
        1256.4806987676393
      ],
      [
        557.6558939,
        1254.6334816972421
      ],
      [
        594.3338667,
        1234.23601750444
      ],
      [
        609.0557753,
        1219.2842634133046
      ]
    ]
  },
  "Timer": {
    "InfeasibleArcs": 0.0,
    "LowerBoundVehicles": 0.0472647,
    "MetaHeuristic": 581.3508459,
    "StartSolution": 27.7049353
  }
}