{
  "CP_Rejections": 0,
  "DeletedArcs": 0,
  "ILSIterations": 15,
  "InfTailPath": 0,
  "SolutionProgress": {
    "BestSolProgress": [
      [
        57.4714705,
        625.5658073628533
      ],
      [
        128.3396163,
        624.0927472942668
      ],
      [
        585.9917462,
        616.7362216049421
      ],
      [
        624.6195111,
        614.3930861580748
      ]
    ],
    "CurrSolProgress": [
      [
        57.4714705,
        625.5658073628533
      ],
      [
        87.6388124,
        626.4290737066136
      ],
      [
        128.3396163,
        624.0927472942668
      ],
      [
        164.0734802,
        639.0651922338839
      ],
      [
        204.6982444,
        643.4017806983061
      ],
      [
        233.6020402,
        639.3368502461814
      ],
      [
        274.0927588,
        651.3632344491584
      ],
      [
        299.2805884,
        659.8498778830201
      ],
      [
        337.7073763,
        648.7523027452731
      ],
      [
        376.1395039,
        636.4375189149196
      ],
      [
        399.6779106,
        641.8868134015313
      ],
      [
        459.6848708,
        659.7743612805707
      ],
      [
        479.026571,
        677.5133907002771
      ],
      [
        534.9618492,
        658.0509721554233
      ],
      [
        585.9917462,
        616.7362216049421
      ],
      [
        624.6195111,
        614.3930861580748
      ]
    ]
  },
  "Timer": {
    "InfeasibleArcs": 0.0,
    "LowerBoundVehicles": 0.043688,
    "MetaHeuristic": 567.1427022,
    "StartSolution": 57.4768155
  }
}