{
  "CP_Rejections": 0,
  "DeletedArcs": 0,
  "ILSIterations": 20,
  "InfTailPath": 0,
  "SolutionProgress": {
    "BestSolProgress": [
      [
        55.572946,
        1726.9539576822542
      ],
      [
        313.1158459,
        1724.6697063637512
      ],
      [
        347.5504033,
        1685.0639738561351
      ]
    ],
    "CurrSolProgress": [
      [
        55.572946,
        1726.9539576822542
      ],
      [
        94.581191,
        1767.9384992010228
      ],
      [
        110.4558644,
        1747.4932092730019
      ],
      [
        131.2875938,
        1765.9124863659022
      ],
      [
        160.8200579,
        1819.8236153115904
      ],
      [
        194.7077198,
        1780.5769521966379
      ],
      [
        243.5457983,
        1751.061829759705
      ],
      [
        260.4443244,
        1735.9677239761556
      ],
      [
        276.3333396,
        1756.0738507452506
      ],
      [
        289.9589642,
        1746.2409462900612
      ],
      [
        313.1158459,
        1724.6697063637512
      ],
      [
        347.5504033,
        1685.0639738561351
      ],
      [
        371.4368173,
        1710.9931796844608
      ],
      [
        408.7083124,
        1739.222508672784
      ],
      [
        433.3200751,
        1776.1681669216628
      ],
      [
        460.6003436,
        1766.1386819019942
      ],
      [
        486.359337,
        1718.6368808817272
      ],
      [
        522.0316355,
        1725.6875721621302
      ],
      [
        549.8174076,
        1691.8412358850678
      ],
      [
        575.8040653,
        1742.5266899152691
      ],
      [
        634.1449454,
        1750.7366042661595
      ]
    ]
  },
  "Timer": {
    "InfeasibleArcs": 0.0,
    "LowerBoundVehicles": 0.0928098,
    "MetaHeuristic": 578.5652941,
    "StartSolution": 55.5796593
  }
}