{
  "CP_Rejections": 0,
  "DeletedArcs": 0,
  "ILSIterations": 11,
  "InfTailPath": 0,
  "SolutionProgress": {
    "BestSolProgress": [
      [
        40.8273436,
        778.269992700007
      ]
    ],
    "CurrSolProgress": [
      [
        40.8273436,
        778.269992700007
      ],
      [
        80.8445035,
        819.6114517298311
      ],
      [
        115.2624375,
        868.2339966281794
      ],
      [
        257.7051925,
        932.9889959105946
      ],
      [
        354.0004333,
        855.0765743335454
      ],
      [
        412.1889466,
        875.8839932221438
      ],
      [
        441.0047992,
        835.4161806847839
      ],
      [
        482.2777518,
        886.204015586971
      ],
      [
        516.9388334,
        827.8172398596926
      ],
      [
        560.6029105,
        825.0303870930112
      ],
      [
        590.2544805,
        794.2754684235242
      ],
      [
        625.7443296,
        805.5102283200785
      ]
    ]
  },
  "Timer": {
    "InfeasibleArcs": 0.0,
    "LowerBoundVehicles": 0.0155418,
    "MetaHeuristic": 584.9121831,
    "StartSolution": 40.8321519
  }
}