{
  "CP_Rejections": 0,
  "DeletedArcs": 0,
  "ILSIterations": 12,
  "InfTailPath": 0,
  "SolutionProgress": {
    "BestSolProgress": [
      [
        49.6275109,
        1223.629680521974
      ],
      [
        428.0572211,
        1221.0049134087549
      ]
    ],
    "CurrSolProgress": [
      [
        49.6275109,
        1223.629680521974
      ],
      [
        94.3110976,
        1290.2024891199844
      ],
      [
        131.4610626,
        1372.1964932565713
      ],
      [
        155.7343021,
        1390.2495426355745
      ],
      [
        236.8462438,
        1467.6048476199849
      ],
      [
        273.8285863,
        1436.736173972606
      ],
      [
        354.2551595,
        1376.395660121859
      ],
      [
        403.8307179,
        1256.8531742228913
      ],
      [
        428.0572211,
        1221.0049134087549
      ],
      [
        481.2195581,
        1276.1390178886315
      ],
      [
        524.3122524,
        1387.2549504676986
      ],
      [
        547.8877355,
        1398.9972049193168
      ],
      [
        627.708675,
        1418.5940530215207
      ]
    ]
  },
  "Timer": {
    "InfeasibleArcs": 0.0,
    "LowerBoundVehicles": 0.013302,
    "MetaHeuristic": 578.0766432,
    "StartSolution": 49.6320366
  }
}