{
  "CP_Rejections": 0,
  "DeletedArcs": 0,
  "ILSIterations": 15,
  "InfTailPath": 0,
  "SolutionProgress": {
    "BestSolProgress": [
      [
        49.6364925,
        1464.2753091994389
      ],
      [
        151.47692609999999,
        1395.7218478403263
      ],
      [
        235.0803639,
        1386.0619506156238
      ]
    ],
    "CurrSolProgress": [
      [
        49.6364925,
        1464.2753091994389
      ],
      [
        76.7107072,
        1498.8379221305588
      ],
      [
        109.4768914,
        1506.286611368436
      ],
      [
        137.6354977,
        1523.2481610306456
      ],
      [
        151.47692609999999,
        1395.7218478403263
      ],
      [
        181.2155464,
        1425.4269238123936
      ],
      [
        205.1131593,
        1421.101342421212
      ],
      [
        235.0803639,
        1386.0619506156238
      ],
      [
        313.0541769,
        1440.1974020062266
      ],
      [
        367.2157547,
        1403.841544092466
      ],
      [
        421.4945769,
        1462.41671605242
      ],
      [
        455.1524816,
        1404.8354174880146
      ],
      [
        506.3321275,
        1450.8068374922964
      ],
      [
        525.656693,
        1419.7334936142684
      ],
      [
        550.4837136,
        1417.6715381293077
      ],
      [
        603.0573613,
        1414.282930593346
      ]
    ]
  },
  "Timer": {
    "InfeasibleArcs": 0.0,
    "LowerBoundVehicles": 0.0111594,
    "MetaHeuristic": 553.417158,
    "StartSolution": 49.6402075
  }
}