{
  "CP_Rejections": 0,
  "DeletedArcs": 0,
  "ILSIterations": 48,
  "InfTailPath": 0,
  "SolutionProgress": {
    "BestSolProgress": [
      [
        11.6409933,
        811.5161767373456
      ],
      [
        156.7690452,
        808.2355399608261
      ],
      [
        604.334434,
        803.5811248157361
      ]
    ],
    "CurrSolProgress": [
      [
        11.6409933,
        811.5161767373456
      ],
      [
        20.3409496,
        824.7497220433492
      ],
      [
        36.0150243,
        869.2514895779336
      ],
      [
        45.2411857,
        852.4888210904069
      ],
      [
        60.6348299,
        829.2221602446137
      ],
      [
        69.664659,
        830.7174109297156
      ],
      [
        85.2458997,
        859.9341989552092
      ],
      [
        101.5702495,
        836.503791304891
      ],
      [
        112.3127081,
        833.3499440035673
      ],
      [
        120.1940514,
        974.5255016147416
      ],
      [
        129.2669169,
        984.5643039810196
      ],
      [
        151.4354396,
        976.2699869387127
      ],
      [
        156.7690452,
        808.2355399608261
      ],
      [
        179.676602,
        904.1057262497691
      ],
      [
        189.3479723,
        837.3549774607219
      ],
      [
        202.8370309,
        886.254308958779
      ],
      [
        216.0070638,
        952.1367494463852
      ],
      [
        222.1027709,
        956.6854629409444
      ],
      [
        238.1881135,
        918.3566511993729
      ],
      [
        246.1606023,
        851.2906253386525
      ],
      [
        251.392512,
        872.1539848906946
      ],
      [
        262.854029,
        939.6027738213218
      ],
      [
        278.5906826,
        893.5356352218794
      ],
      [
        295.2653885,
        891.7537897379522
      ],
      [
        307.0135499,
        848.3042567727757
      ],
      [
        315.4526041,
        969.6000119207932
      ],
      [
        328.2111807,
        945.9056914514312
      ],
      [
        338.7208891,
        934.2789271294241
      ],
      [
        356.5892845,
        994.8727211854148
      ],
      [
        386.4203069,
        820.4140199555167
      ],
      [
        389.0567496,
        823.6007871535666
      ],
      [
        406.6161344,
        941.7178819545486
      ],
      [
        423.7650019,
        981.6777131604263
      ],
      [
        443.609382,
        1002.2526753895157
      ],
      [
        448.2394521,
        821.8795966626711
      ],
      [
        459.4933314,
        836.8748173413571
      ],
      [
        473.3065028,
        836.1926425485825
      ],
      [
        485.2103426,
        851.273357492714
      ],
      [
        511.9184178,
        980.8532766136647
      ],
      [
        517.185618,
        898.9336093702374
      ],
      [
        527.8782184,
        872.4867524427164
      ],
      [
        538.4876578,
        878.2181814250757
      ],
      [
        547.6763267,
        864.150442698843
      ],
      [
        556.0262155,
        926.1455334263475
      ],
      [
        569.7364693,
        825.2450450482372
      ],
      [
        575.4389064,
        820.2082487762498
      ],
      [
        580.9812613,
        840.8423348519785
      ],
      [
        597.0501752,
        812.3478679143577
      ],
      [
        604.334434,
        803.5811248157361
      ]
    ]
  },
  "Timer": {
    "InfeasibleArcs": 0.0,
    "LowerBoundVehicles": 0.0122477,
    "MetaHeuristic": 592.6870436,
    "StartSolution": 11.6473975
  }
}