{
  "CP_Rejections": 0,
  "DeletedArcs": 0,
  "ILSIterations": 11,
  "InfTailPath": 0,
  "SolutionProgress": {
    "BestSolProgress": [
      [
        78.4106102,
        1135.4697569042594
      ]
    ],
    "CurrSolProgress": [
      [
        78.4106102,
        1135.4697569042594
      ],
      [
        121.5027407,
        1151.7887261073931
      ],
      [
        170.6490336,
        1153.4581072502363
      ],
      [
        214.8697916,
        1154.1330779793298
      ],
      [
        266.7983031,
        1195.1153537408109
      ],
      [
        334.2367273,
        1164.3489234797448
      ],
      [
        409.1753785,
        1175.4733022061869
      ],
      [
        471.0068058,
        1164.4429489518516
      ],
      [
        512.3962578,
        1215.6335089543404
      ],
      [
        544.0344628,
        1193.5138439859054
      ],
      [
        575.3659588,
        1226.3565704071398
      ],
      [
        608.4240939,
        1206.3801810500747
      ]
    ]
  },
  "Timer": {
    "InfeasibleArcs": 0.0,
    "LowerBoundVehicles": 0.0378723,
    "MetaHeuristic": 530.0078629,
    "StartSolution": 78.416238
  }
}