{
  "CP_Rejections": 0,
  "DeletedArcs": 0,
  "ILSIterations": 18,
  "InfTailPath": 0,
  "SolutionProgress": {
    "BestSolProgress": [
      [
        52.5419223,
        1726.9539576822542
      ],
      [
        196.0947438,
        1708.8506549479696
      ],
      [
        279.885297,
        1695.861025632869
      ],
      [
        344.4994314,
        1692.187591355394
      ]
    ],
    "CurrSolProgress": [
      [
        52.5419223,
        1726.9539576822542
      ],
      [
        70.5589457,
        1753.5779019234021
      ],
      [
        111.1330738,
        1769.672081454132
      ],
      [
        140.0898054,
        1762.072078938949
      ],
      [
        168.3566969,
        1753.5382755958153
      ],
      [
        196.0947438,
        1708.8506549479696
      ],
      [
        224.8832358,
        1730.967020575864
      ],
      [
        257.1386177,
        1729.9453157817086
      ],
      [
        279.885297,
        1695.861025632869
      ],
      [
        317.2574975,
        1793.27000865079
      ],
      [
        344.4994314,
        1692.187591355394
      ],
      [
        375.0534396,
        1728.5445906835703
      ],
      [
        399.1171789,
        1746.3920778297006
      ],
      [
        423.385109,
        1752.123204074518
      ],
      [
        462.8062558,
        1799.1656103462851
      ],
      [
        507.7334865,
        1765.4262909623885
      ],
      [
        565.1774627,
        1780.8445432790468
      ],
      [
        594.6321791,
        1700.2463572096608
      ],
      [
        617.7086328,
        1695.2343505631948
      ]
    ]
  },
  "Timer": {
    "InfeasibleArcs": 0.0,
    "LowerBoundVehicles": 0.0866516,
    "MetaHeuristic": 565.1605123,
    "StartSolution": 52.5481263
  }
}