{
  "CP_Rejections": 0,
  "DeletedArcs": 0,
  "ILSIterations": 14,
  "InfTailPath": 0,
  "SolutionProgress": {
    "BestSolProgress": [
      [
        58.7690522,
        1171.9987411862871
      ]
    ],
    "CurrSolProgress": [
      [
        58.7690522,
        1171.9987411862871
      ],
      [
        90.3187621,
        1235.3281562953355
      ],
      [
        141.3063062,
        1256.2658053204057
      ],
      [
        177.3677286,
        1183.9653485872566
      ],
      [
        206.5254284,
        1243.51845805772
      ],
      [
        234.2100982,
        1221.16997523152
      ],
      [
        259.2341184,
        1192.0028967288617
      ],
      [
        284.6727272,
        1201.6786788622846
      ],
      [
        321.6776468,
        1223.248585908831
      ],
      [
        377.3042421,
        1220.8349284730775
      ],
      [
        417.5685609,
        1228.2962720573066
      ],
      [
        476.7770389,
        1253.8609369442038
      ],
      [
        527.2465121,
        1209.113798989468
      ],
      [
        562.6493431,
        1197.4090632168145
      ],
      [
        612.0961555,
        1225.9279460917978
      ]
    ]
  },
  "Timer": {
    "InfeasibleArcs": 0.0,
    "LowerBoundVehicles": 0.0767652,
    "MetaHeuristic": 553.3214547,
    "StartSolution": 58.7747074
  }
}