{
  "CP_Rejections": 0,
  "DeletedArcs": 0,
  "ILSIterations": 12,
  "InfTailPath": 0,
  "SolutionProgress": {
    "BestSolProgress": [
      [
        68.157116,
        1384.5099693996465
      ]
    ],
    "CurrSolProgress": [
      [
        68.157116,
        1384.5099693996465
      ],
      [
        106.5650635,
        1411.005644659855
      ],
      [
        147.0678454,
        1437.7055712642875
      ],
      [
        187.3355477,
        1449.285940146944
      ],
      [
        244.5143803,
        1471.462838738591
      ],
      [
        264.4859844,
        1451.373019692257
      ],
      [
        310.9163013,
        1474.6712321678951
      ],
      [
        345.1515823,
        1481.7091587566686
      ],
      [
        415.244821,
        1518.2845095483867
      ],
      [
        453.9109949,
        1517.6723327078491
      ],
      [
        519.1719328,
        1566.5078251993727
      ],
      [
        586.5601348,
        1516.770584207532
      ],
      [
        621.5287061,
        1444.3934907602145
      ]
    ]
  },
  "Timer": {
    "InfeasibleArcs": 0.0,
    "LowerBoundVehicles": 0.1349365,
    "MetaHeuristic": 553.3651936,
    "StartSolution": 68.1635178
  }
}