{
  "CP_Rejections": 0,
  "DeletedArcs": 0,
  "ILSIterations": 19,
  "InfTailPath": 0,
  "SolutionProgress": {
    "BestSolProgress": [
      [
        20.7957361,
        2794.0527441833474
      ],
      [
        424.8486649,
        2766.8662253092184
      ]
    ],
    "CurrSolProgress": [
      [
        20.7957361,
        2794.0527441833474
      ],
      [
        42.7309475,
        2877.4061250783498
      ],
      [
        56.7691753,
        3032.8089205444935
      ],
      [
        88.6987456,
        3079.608916561634
      ],
      [
        109.9134184,
        2951.0636680031603
      ],
      [
        151.032525,
        3345.1459892631315
      ],
      [
        204.7284842,
        3216.121083779011
      ],
      [
        221.0782974,
        2893.431050981005
      ],
      [
        230.1320363,
        2911.452128904065
      ],
      [
        243.9845864,
        2801.278413973678
      ],
      [
        277.340881,
        2922.7471839859977
      ],
      [
        331.1988203,
        3311.0612941367654
      ],
      [
        354.4068542,
        2818.0635424303846
      ],
      [
        374.5107039,
        2924.46210522586
      ],
      [
        403.1815092,
        2959.0398908030666
      ],
      [
        424.8486649,
        2766.8662253092184
      ],
      [
        468.9490643,
        2864.44290527167
      ],
      [
        515.4733955,
        2903.0732128816367
      ],
      [
        578.3311931,
        3039.118784593222
      ],
      [
        638.3810702,
        3244.6026963696527
      ]
    ]
  },
  "Timer": {
    "InfeasibleArcs": 0.0,
    "LowerBoundVehicles": 0.0093291,
    "MetaHeuristic": 617.5816214,
    "StartSolution": 20.7994531
  }
}