{
  "CP_Rejections": 0,
  "DeletedArcs": 0,
  "ILSIterations": 23,
  "InfTailPath": 0,
  "SolutionProgress": {
    "BestSolProgress": [
      [
        20.7638685,
        2794.0527441833474
      ],
      [
        136.5723952,
        2775.729091977598
      ]
    ],
    "CurrSolProgress": [
      [
        20.7638685,
        2794.0527441833474
      ],
      [
        39.1653928,
        3127.051508672984
      ],
      [
        69.3765933,
        3306.879099059453
      ],
      [
        89.3674566,
        2900.129567764961
      ],
      [
        113.1022403,
        2883.998534321291
      ],
      [
        136.5723952,
        2775.729091977598
      ],
      [
        243.3616551,
        3451.5881377450687
      ],
      [
        292.1953844,
        3499.8599293162597
      ],
      [
        320.488067,
        3044.360422798262
      ],
      [
        340.3383873,
        2949.5300659288587
      ],
      [
        353.7406649,
        2928.5552314935876
      ],
      [
        382.0874606,
        3084.503137225132
      ],
      [
        406.8019832,
        2829.065753257285
      ],
      [
        427.06146210000003,
        2817.1628399017995
      ],
      [
        438.6461002,
        2851.1079237615504
      ],
      [
        448.3464172,
        2858.9500340169616
      ],
      [
        464.7606906,
        3197.7801938357093
      ],
      [
        492.4774798,
        2803.834836524027
      ],
      [
        513.3681954,
        2907.0799589626
      ],
      [
        521.6672842,
        2776.9443598532152
      ],
      [
        544.5198636,
        2837.019828535389
      ],
      [
        565.0976344,
        2918.3574836804737
      ],
      [
        582.1212898,
        2947.170568186722
      ],
      [
        603.8980198,
        2957.143260714995
      ]
    ]
  },
  "Timer": {
    "InfeasibleArcs": 0.0,
    "LowerBoundVehicles": 0.0096507,
    "MetaHeuristic": 583.1304295,
    "StartSolution": 20.7675949
  }
}