{
  "CP_Rejections": 0,
  "DeletedArcs": 0,
  "ILSIterations": 15,
  "InfTailPath": 0,
  "SolutionProgress": {
    "BestSolProgress": [
      [
        49.969332,
        1223.629680521974
      ]
    ],
    "CurrSolProgress": [
      [
        49.969332,
        1223.629680521974
      ],
      [
        76.5130152,
        1226.1567746125127
      ],
      [
        129.6798155,
        1416.5605149000826
      ],
      [
        178.8011828,
        1429.540774636482
      ],
      [
        212.9986189,
        1418.923732262373
      ],
      [
        262.6762267,
        1423.4904470968363
      ],
      [
        308.3081667,
        1406.8264667779845
      ],
      [
        340.149131,
        1310.6676114917402
      ],
      [
        371.4357577,
        1273.3189009082837
      ],
      [
        399.4920001,
        1250.6280751271845
      ],
      [
        424.1050194,
        1257.4212029011708
      ],
      [
        474.5936683,
        1271.886923238505
      ],
      [
        493.8202879,
        1288.1690716850947
      ],
      [
        519.4244509,
        1270.3418280910664
      ],
      [
        569.5887508,
        1409.7306606340874
      ],
      [
        601.2225291,
        1247.612636935068
      ]
    ]
  },
  "Timer": {
    "InfeasibleArcs": 0.0,
    "LowerBoundVehicles": 0.0130451,
    "MetaHeuristic": 551.2487894,
    "StartSolution": 49.9737431
  }
}