{
  "CP_Rejections": 0,
  "DeletedArcs": 0,
  "ILSIterations": 30,
  "InfTailPath": 0,
  "SolutionProgress": {
    "BestSolProgress": [
      [
        29.1654138,
        1156.5800224119093
      ]
    ],
    "CurrSolProgress": [
      [
        29.1654138,
        1156.5800224119093
      ],
      [
        42.6048487,
        1224.5206843097674
      ],
      [
        69.7195975,
        1254.8272328753494
      ],
      [
        83.2630059,
        1243.0406937788223
      ],
      [
        99.8540957,
        1222.3628446021805
      ],
      [
        131.95777759999999,
        1239.855089813136
      ],
      [
        162.3323793,
        1202.3258000171893
      ],
      [
        185.973364,
        1217.5070671075753
      ],
      [
        201.12977,
        1213.412819850899
      ],
      [
        207.0077015,
        1189.1208199435682
      ],
      [
        231.9476235,
        1221.063605917195
      ],
      [
        248.8904782,
        1224.5507260993083
      ],
      [
        248.8918664,
        1156.5800224119093
      ],
      [
        268.4988454,
        1199.1532143886323
      ],
      [
        274.9483847,
        1196.6263660461113
      ],
      [
        295.9631518,
        1250.1439081321205
      ],
      [
        307.305009,
        1235.0930776214793
      ],
      [
        328.089396,
        1223.2397663081715
      ],
      [
        355.0161221,
        1222.9832564902638
      ],
      [
        372.6614445,
        1227.9793890212857
      ],
      [
        394.1018015,
        1238.426105913085
      ],
      [
        415.3783243,
        1234.300979817361
      ],
      [
        437.3061081,
        1235.5299807451559
      ],
      [
        474.9653727,
        1198.480037796385
      ],
      [
        490.4694997,
        1226.999998275509
      ],
      [
        503.6537917,
        1218.4132179442613
      ],
      [
        525.2240382,
        1249.760511803452
      ],
      [
        551.1450946,
        1225.441772327452
      ],
      [
        568.7863487,
        1209.0026968328523
      ],
      [
        590.1272218,
        1219.9594905378183
      ],
      [
        612.2980973,
        1229.0908284804027
      ]
    ]
  },
  "Timer": {
    "InfeasibleArcs": 0.0,
    "LowerBoundVehicles": 0.0283845,
    "MetaHeuristic": 583.1271027,
    "StartSolution": 29.1710003
  }
}