{
  "CP_Rejections": 0,
  "DeletedArcs": 0,
  "ILSIterations": 51,
  "InfTailPath": 0,
  "SolutionProgress": {
    "BestSolProgress": [
      [
        11.6504302,
        811.5161767373456
      ]
    ],
    "CurrSolProgress": [
      [
        11.6504302,
        811.5161767373456
      ],
      [
        23.2836431,
        875.5424839914327
      ],
      [
        30.8798936,
        885.8595937290361
      ],
      [
        42.5711079,
        850.3411047748813
      ],
      [
        59.2072229,
        918.9553800624047
      ],
      [
        69.0060041,
        942.1466859097635
      ],
      [
        87.393598,
        955.8569503967658
      ],
      [
        101.8279751,
        1018.2016079498595
      ],
      [
        115.4692711,
        1012.9299423157706
      ],
      [
        124.1092463,
        990.8268074949228
      ],
      [
        128.3913042,
        939.6248621090165
      ],
      [
        149.5848336,
        866.9292097448064
      ],
      [
        158.4542121,
        813.9586330952902
      ],
      [
        169.0785328,
        847.8334903917805
      ],
      [
        184.1974077,
        994.0458233329567
      ],
      [
        192.0202574,
        982.1669282242535
      ],
      [
        199.1625647,
        882.7897406322717
      ],
      [
        216.5359357,
        841.7415161264171
      ],
      [
        232.6338848,
        864.3310661312873
      ],
      [
        243.2990898,
        903.2263523185587
      ],
      [
        260.1105102,
        911.5566978818874
      ],
      [
        277.2796006,
        927.6799641924782
      ],
      [
        286.0856319,
        876.3825076139617
      ],
      [
        303.5659933,
        893.8081200487516
      ],
      [
        310.2533445,
        862.6311917978844
      ],
      [
        315.4604843,
        915.3233454108795
      ],
      [
        323.44574,
        923.8772307288132
      ],
      [
        335.7920238,
        853.2607049605996
      ],
      [
        353.5920181,
        851.8581026892653
      ],
      [
        369.9769673,
        876.0163173555545
      ],
      [
        380.442835,
        832.8726222434416
      ],
      [
        387.727254,
        818.760387507263
      ],
      [
        404.5215503,
        899.6117311557911
      ],
      [
        413.9324807,
        852.6641145439526
      ],
      [
        418.9346166,
        836.3966671154326
      ],
      [
        432.7138179,
        885.5034504368662
      ],
      [
        450.7117469,
        929.6715070513264
      ],
      [
        463.4218094,
        851.4289871669308
      ],
      [
        472.6697207,
        843.2778652480584
      ],
      [
        485.8079352,
        847.5190875046227
      ],
      [
        496.2969471,
        908.1687522820453
      ],
      [
        502.7335819,
        897.8265195317356
      ],
      [
        513.1389441,
        933.1842583982682
      ],
      [
        524.282346,
        875.3845037942606
      ],
      [
        536.7064939,
        854.2342802726955
      ],
      [
        555.4833483,
        877.7705068834978
      ],
      [
        560.5937866,
        837.6390771580365
      ],
      [
        574.6719435,
        853.5761852877016
      ],
      [
        584.5106411,
        824.00212742826
      ],
      [
        588.5011712,
        841.2926027955605
      ],
      [
        597.5280884,
        875.6535566276618
      ],
      [
        609.2788098,
        855.264441505976
      ]
    ]
  },
  "Timer": {
    "InfeasibleArcs": 0.0,
    "LowerBoundVehicles": 0.0121206,
    "MetaHeuristic": 597.6244079,
    "StartSolution": 11.6544092
  }
}