{
  "CP_Rejections": 0,
  "DeletedArcs": 0,
  "ILSIterations": 17,
  "InfTailPath": 0,
  "SolutionProgress": {
    "BestSolProgress": [
      [
        49.31815,
        1464.2753091994389
      ],
      [
        68.1526352,
        1443.5130195654174
      ],
      [
        142.1234047,
        1433.4156449524435
      ],
      [
        180.5844473,
        1416.3328058697136
      ],
      [
        247.4104682,
        1406.4036186006936
      ],
      [
        340.3470715,
        1388.1820827592205
      ],
      [
        368.3235,
        1380.3433667471684
      ]
    ],
    "CurrSolProgress": [
      [
        49.31815,
        1464.2753091994389
      ],
      [
        68.1526352,
        1443.5130195654174
      ],
      [
        118.3084989,
        1452.514337096127
      ],
      [
        142.1234047,
        1433.4156449524435
      ],
      [
        180.5844473,
        1416.3328058697136
      ],
      [
        213.1469936,
        1464.9235577826596
      ],
      [
        247.4104682,
        1406.4036186006936
      ],
      [
        310.0253175,
        1418.409093298786
      ],
      [
        340.3470715,
        1388.1820827592205
      ],
      [
        368.3235,
        1380.3433667471684
      ],
      [
        390.7086797,
        1413.2885342347313
      ],
      [
        443.8765765,
        1428.9095772075148
      ],
      [
        473.8992812,
        1412.4028933148268
      ],
      [
        523.2358762,
        1452.6669626797316
      ],
      [
        541.3940742,
        1402.3635097254746
      ],
      [
        561.3638611,
        1460.0072039914141
      ],
      [
        582.8119651,
        1421.0122034369272
      ],
      [
        605.123349,
        1427.2105764600335
      ]
    ]
  },
  "Timer": {
    "InfeasibleArcs": 0.0,
    "LowerBoundVehicles": 0.0108238,
    "MetaHeuristic": 555.8012432,
    "StartSolution": 49.3221116
  }
}