{
  "CP_Rejections": 0,
  "DeletedArcs": 0,
  "ILSIterations": 13,
  "InfTailPath": 0,
  "SolutionProgress": {
    "BestSolProgress": [
      [
        40.2663061,
        778.269992700007
      ]
    ],
    "CurrSolProgress": [
      [
        40.2663061,
        778.269992700007
      ],
      [
        66.6680415,
        796.2739055924616
      ],
      [
        99.8778054,
        800.1533339217895
      ],
      [
        151.8113894,
        837.2495491651638
      ],
      [
        208.2144082,
        870.8509513225476
      ],
      [
        265.143065,
        858.8617267928405
      ],
      [
        276.2131272,
        854.2050738936753
      ],
      [
        310.3530372,
        841.5109914445948
      ],
      [
        373.9300474,
        939.0169084713355
      ],
      [
        468.9682961,
        914.2437774398783
      ],
      [
        513.0084654,
        823.952961487106
      ],
      [
        541.8812193,
        822.3830773313733
      ],
      [
        578.2699578,
        841.0241748853274
      ],
      [
        600.9688592,
        809.8339595327651
      ]
    ]
  },
  "Timer": {
    "InfeasibleArcs": 0.0,
    "LowerBoundVehicles": 0.0153591,
    "MetaHeuristic": 560.6984092,
    "StartSolution": 40.2704537
  }
}