{
  "CP_Rejections": 0,
  "DeletedArcs": 0,
  "ILSIterations": 26,
  "InfTailPath": 0,
  "SolutionProgress": {
    "BestSolProgress": [
      [
        28.278546,
        1187.3219070847856
      ]
    ],
    "CurrSolProgress": [
      [
        28.278546,
        1187.3219070847856
      ],
      [
        45.1256487,
        1209.463337554892
      ],
      [
        65.6658056,
        1220.9736304884307
      ],
      [
        78.6447375,
        1247.288636318885
      ],
      [
        93.0685437,
        1282.1451516886832
      ],
      [
        118.0879665,
        1323.4792674291198
      ],
      [
        136.3158337,
        1329.3639167482497
      ],
      [
        148.0785909,
        1227.7804210763754
      ],
      [
        159.2610721,
        1243.0990217105457
      ],
      [
        184.4850732,
        1250.933849306179
      ],
      [
        194.7435377,
        1279.7033805368499
      ],
      [
        212.9444016,
        1274.0545609557084
      ],
      [
        237.7466143,
        1256.3546368271595
      ],
      [
        253.7734592,
        1212.571229222842
      ],
      [
        281.6988626,
        1213.8293711515503
      ],
      [
        299.0426835,
        1218.727402765426
      ],
      [
        317.391331,
        1207.8412714871358
      ],
      [
        354.7838856,
        1239.2382099990996
      ],
      [
        379.6169158,
        1229.6265959644422
      ],
      [
        402.1878641,
        1245.610321833389
      ],
      [
        432.4479327,
        1249.3161602989314
      ],
      [
        459.5995424,
        1264.335720012362
      ],
      [
        476.4269552,
        1230.4991792240141
      ],
      [
        509.3476372,
        1306.6098722075208
      ],
      [
        550.8524887,
        1292.8975178897283
      ],
      [
        582.680718,
        1300.3885567970797
      ],
      [
        606.13443,
        1292.3173205548444
      ]
    ]
  },
  "Timer": {
    "InfeasibleArcs": 0.0,
    "LowerBoundVehicles": 0.0480284,
    "MetaHeuristic": 577.850031,
    "StartSolution": 28.284406
  }
}