{
  "CP_Rejections": 0,
  "DeletedArcs": 0,
  "ILSIterations": 42,
  "InfTailPath": 0,
  "SolutionProgress": {
    "BestSolProgress": [
      [
        15.0690129,
        863.255570999596
      ],
      [
        155.7882617,
        860.5855095489029
      ]
    ],
    "CurrSolProgress": [
      [
        15.0690129,
        863.255570999596
      ],
      [
        27.9112177,
        952.9023792623975
      ],
      [
        36.299473,
        928.3015369071175
      ],
      [
        62.4885124,
        935.0632940964048
      ],
      [
        78.6665828,
        1003.8707107637609
      ],
      [
        110.263796,
        1022.9352008937946
      ],
      [
        150.5007398,
        968.3695293159703
      ],
      [
        155.7882617,
        860.5855095489029
      ],
      [
        158.0649387,
        903.2285684059876
      ],
      [
        174.4273311,
        924.4138543254775
      ],
      [
        186.2402785,
        910.3546912567247
      ],
      [
        199.9080404,
        910.6060534428768
      ],
      [
        211.8072636,
        901.1774431027353
      ],
      [
        219.5942852,
        925.8823401690298
      ],
      [
        228.0749903,
        861.2786402433576
      ],
      [
        236.0761928,
        921.5198830398826
      ],
      [
        250.7773006,
        941.1016454306199
      ],
      [
        273.0391057,
        952.5204579411854
      ],
      [
        302.4298053,
        912.5247614216297
      ],
      [
        304.2347226,
        886.6417092081427
      ],
      [
        318.9227681,
        1007.6582518551678
      ],
      [
        342.4713468,
        991.9077487503131
      ],
      [
        366.8563984,
        938.8254409502636
      ],
      [
        392.4813556,
        996.3310210929116
      ],
      [
        404.7089298,
        917.2389688569583
      ],
      [
        416.6642004,
        911.9248590898711
      ],
      [
        425.9309368,
        905.5168316429855
      ],
      [
        431.988345,
        908.3889241531086
      ],
      [
        442.1003692,
        897.4193971062327
      ],
      [
        447.5711119,
        887.7237201320224
      ],
      [
        461.1131919,
        871.988117850998
      ],
      [
        469.5684553,
        911.8694256068092
      ],
      [
        476.7953351,
        916.5180668427714
      ],
      [
        507.1754073,
        913.4439508316955
      ],
      [
        512.3352144,
        896.1104420030471
      ],
      [
        522.1402395,
        952.555101993474
      ],
      [
        528.4484709,
        921.1853504610963
      ],
      [
        536.0623844,
        928.5611418449881
      ],
      [
        548.6079478,
        902.1769055708729
      ],
      [
        570.8515797,
        898.0759123232388
      ],
      [
        583.6536333,
        971.6315502519287
      ],
      [
        599.1479296,
        871.8679530097065
      ],
      [
        613.2130773,
        887.2290924172164
      ]
    ]
  },
  "Timer": {
    "InfeasibleArcs": 0.0,
    "LowerBoundVehicles": 0.009721,
    "MetaHeuristic": 598.1406634,
    "StartSolution": 15.0724181
  }
}