{
  "CP_Rejections": 0,
  "DeletedArcs": 0,
  "ILSIterations": 26,
  "InfTailPath": 0,
  "SolutionProgress": {
    "BestSolProgress": [
      [
        14.4807139,
        863.255570999596
      ],
      [
        299.5575243,
        856.5605774820974
      ]
    ],
    "CurrSolProgress": [
      [
        14.4807139,
        863.255570999596
      ],
      [
        27.2001285,
        938.8662246842746
      ],
      [
        37.7974659,
        941.9409794075078
      ],
      [
        53.4125769,
        1006.8515577632988
      ],
      [
        70.1794222,
        910.5865831099851
      ],
      [
        101.4298898,
        983.8743665760927
      ],
      [
        132.7423112,
        975.6319045594078
      ],
      [
        147.3717708,
        969.6220855958943
      ],
      [
        157.7485896,
        907.6320385281713
      ],
      [
        171.8114855,
        897.3761927438762
      ],
      [
        195.1403991,
        893.8718678754904
      ],
      [
        217.29546,
        1004.8538365644024
      ],
      [
        223.1494375,
        924.2285197697264
      ],
      [
        228.899718,
        954.3481529621204
      ],
      [
        254.7414523,
        894.1370363244691
      ],
      [
        299.5575243,
        856.5605774820974
      ],
      [
        324.4386115,
        878.4216123293052
      ],
      [
        340.3609724,
        866.5471525611272
      ],
      [
        357.2553811,
        959.71924422123
      ],
      [
        382.8405196,
        930.7783306783426
      ],
      [
        410.7778551,
        945.9046863400569
      ],
      [
        430.1632735,
        929.1197577860129
      ],
      [
        481.8929312,
        959.922603278678
      ],
      [
        526.5523053,
        1008.7255200258636
      ],
      [
        547.7370585,
        901.5263234198358
      ],
      [
        574.6046485,
        964.8583586843478
      ],
      [
        602.5912404,
        892.8195736954434
      ]
    ]
  },
  "Timer": {
    "InfeasibleArcs": 0.0,
    "LowerBoundVehicles": 0.0093097,
    "MetaHeuristic": 588.1070058,
    "StartSolution": 14.4842409
  }
}