{
  "CP_Rejections": 0,
  "DeletedArcs": 0,
  "ILSIterations": 46,
  "InfTailPath": 0,
  "SolutionProgress": {
    "BestSolProgress": [
      [
        12.2517478,
        811.5161767373456
      ],
      [
        351.6161767,
        807.2038418531781
      ],
      [
        601.2189484,
        807.1556661139904
      ]
    ],
    "CurrSolProgress": [
      [
        12.2517478,
        811.5161767373456
      ],
      [
        27.5676547,
        851.076232553678
      ],
      [
        49.7332516,
        1017.4886935898005
      ],
      [
        67.9122128,
        832.0407828712716
      ],
      [
        77.8516399,
        834.975362931345
      ],
      [
        93.4305627,
        842.1096515201723
      ],
      [
        103.4748529,
        838.8097447984001
      ],
      [
        105.4929346,
        877.9778334651727
      ],
      [
        126.01728,
        854.5037742121118
      ],
      [
        137.2623101,
        876.5332947149609
      ],
      [
        153.3415628,
        868.7469207395164
      ],
      [
        165.4080771,
        879.6720820933787
      ],
      [
        177.12067,
        854.1236220876691
      ],
      [
        185.442035,
        842.8672781671988
      ],
      [
        196.4144107,
        839.1769081441472
      ],
      [
        201.6625335,
        830.1299126855788
      ],
      [
        210.8744048,
        863.3544074813927
      ],
      [
        229.0216381,
        882.0301620363454
      ],
      [
        241.7372601,
        828.3635162314463
      ],
      [
        249.3802624,
        825.845883409795
      ],
      [
        257.7426562,
        849.2084932145577
      ],
      [
        267.3823389,
        839.3971599413323
      ],
      [
        281.6530828,
        918.352948449995
      ],
      [
        296.4564053,
        988.202156223444
      ],
      [
        313.0283151,
        915.1527300976259
      ],
      [
        321.7750641,
        915.628410869906
      ],
      [
        336.922471,
        873.7506339934725
      ],
      [
        351.6161767,
        807.2038418531781
      ],
      [
        357.9205882,
        817.1669564126382
      ],
      [
        364.7595417,
        839.5633188080983
      ],
      [
        382.1409289,
        837.4819365845914
      ],
      [
        397.588962,
        833.7280092790079
      ],
      [
        418.2943232,
        878.028944548635
      ],
      [
        429.648131,
        836.4023928168913
      ],
      [
        437.3190819,
        821.6815213835195
      ],
      [
        446.8007376,
        883.516187383474
      ],
      [
        455.7827306,
        879.2005946225603
      ],
      [
        461.8964884,
        890.2285202420102
      ],
      [
        473.1666181,
        881.1541830220929
      ],
      [
        508.8828377,
        1039.8569643603207
      ],
      [
        525.0403802,
        966.2179159424638
      ],
      [
        536.3787444,
        1030.2673556715104
      ],
      [
        550.4400284,
        993.7905806435399
      ],
      [
        567.04404,
        923.9479033345228
      ],
      [
        582.3325504,
        842.1726400688528
      ],
      [
        594.3302597,
        824.7922415616553
      ],
      [
        601.2189484,
        807.1556661139904
      ]
    ]
  },
  "Timer": {
    "InfeasibleArcs": 0.0,
    "LowerBoundVehicles": 0.011846,
    "MetaHeuristic": 588.9633737,
    "StartSolution": 12.2555845
  }
}