{
  "CP_Rejections": 0,
  "DeletedArcs": 0,
  "ILSIterations": 14,
  "InfTailPath": 0,
  "SolutionProgress": {
    "BestSolProgress": [
      [
        56.7687898,
        625.5658073628533
      ],
      [
        344.5878364,
        623.276301381855
      ],
      [
        383.2573432,
        617.4871158581485
      ]
    ],
    "CurrSolProgress": [
      [
        56.7687898,
        625.5658073628533
      ],
      [
        83.0475892,
        634.8679091832164
      ],
      [
        108.9540689,
        637.6902797752648
      ],
      [
        141.1043122,
        649.1179290639126
      ],
      [
        183.9106841,
        639.3547182635075
      ],
      [
        207.0357315,
        673.0091642547304
      ],
      [
        270.0817928,
        655.7760081565929
      ],
      [
        301.1894807,
        633.7720385384473
      ],
      [
        344.5878364,
        623.276301381855
      ],
      [
        383.2573432,
        617.4871158581485
      ],
      [
        425.6713648,
        635.66960644481
      ],
      [
        473.8465022,
        655.3802699089872
      ],
      [
        513.5945758,
        644.1896038442834
      ],
      [
        551.959511,
        641.7795069285737
      ],
      [
        615.3833893,
        671.2710058099284
      ]
    ]
  },
  "Timer": {
    "InfeasibleArcs": 0.0,
    "LowerBoundVehicles": 0.0421715,
    "MetaHeuristic": 558.6089794,
    "StartSolution": 56.774416
  }
}