{
  "CP_Rejections": 0,
  "DeletedArcs": 0,
  "ILSIterations": 12,
  "InfTailPath": 0,
  "SolutionProgress": {
    "BestSolProgress": [
      [
        60.1825391,
        1171.9987411862871
      ]
    ],
    "CurrSolProgress": [
      [
        60.1825391,
        1171.9987411862871
      ],
      [
        111.1987951,
        1233.4945120984016
      ],
      [
        143.5308467,
        1234.901547570917
      ],
      [
        215.8281242,
        1199.4250811417187
      ],
      [
        266.726293,
        1233.7913131489602
      ],
      [
        351.5961129,
        1223.4852035561178
      ],
      [
        411.3295035,
        1217.9298283597539
      ],
      [
        447.0367705,
        1177.479250883259
      ],
      [
        491.1156258,
        1203.0712089085791
      ],
      [
        535.9126312,
        1178.1084828563712
      ],
      [
        558.3468469,
        1188.2827244212526
      ],
      [
        586.7874445,
        1237.8352163178606
      ],
      [
        632.1971032,
        1241.311353144918
      ]
    ]
  },
  "Timer": {
    "InfeasibleArcs": 0.0,
    "LowerBoundVehicles": 0.0802286,
    "MetaHeuristic": 572.0084849,
    "StartSolution": 60.1886268
  }
}