{
  "CP_Rejections": 0,
  "DeletedArcs": 0,
  "ILSIterations": 17,
  "InfTailPath": 0,
  "SolutionProgress": {
    "BestSolProgress": [
      [
        53.0210059,
        1726.9539576822542
      ],
      [
        200.4854565,
        1720.6331615331594
      ],
      [
        257.3137284,
        1717.5052801182062
      ],
      [
        368.0141983,
        1671.0470780329742
      ],
      [
        394.6754104,
        1658.5945528500433
      ]
    ],
    "CurrSolProgress": [
      [
        53.0210059,
        1726.9539576822542
      ],
      [
        72.710398,
        1745.174478138288
      ],
      [
        100.6784441,
        1742.114272754862
      ],
      [
        132.7280473,
        1745.1830135295456
      ],
      [
        164.0680263,
        1796.6151904338485
      ],
      [
        200.4854565,
        1720.6331615331594
      ],
      [
        222.9384661,
        1731.3627531595791
      ],
      [
        257.3137284,
        1717.5052801182062
      ],
      [
        291.6336543,
        1734.1587033725716
      ],
      [
        337.225105,
        1734.6905170043365
      ],
      [
        368.0141983,
        1671.0470780329742
      ],
      [
        394.6754104,
        1658.5945528500433
      ],
      [
        410.5404442,
        1667.993959406514
      ],
      [
        445.2035959,
        1693.865155574587
      ],
      [
        473.976754,
        1677.2318923957241
      ],
      [
        516.3591205,
        1669.541528159435
      ],
      [
        565.6552464,
        1717.028626849412
      ],
      [
        605.5705718,
        1683.6054082351623
      ]
    ]
  },
  "Timer": {
    "InfeasibleArcs": 0.0,
    "LowerBoundVehicles": 0.0867875,
    "MetaHeuristic": 552.5429475,
    "StartSolution": 53.0276366
  }
}