{
  "CP_Rejections": 0,
  "DeletedArcs": 0,
  "ILSIterations": 25,
  "InfTailPath": 0,
  "SolutionProgress": {
    "BestSolProgress": [
      [
        28.5685873,
        1187.3219070847856
      ]
    ],
    "CurrSolProgress": [
      [
        28.5685873,
        1187.3219070847856
      ],
      [
        43.6386184,
        1219.4279313432235
      ],
      [
        62.8462549,
        1263.255075590812
      ],
      [
        107.061911,
        1250.9426495660368
      ],
      [
        132.8243044,
        1213.773877505474
      ],
      [
        160.7829862,
        1244.5151904751287
      ],
      [
        189.2797352,
        1226.024753059517
      ],
      [
        197.05839,
        1206.5906916538481
      ],
      [
        214.2730486,
        1212.3079835046026
      ],
      [
        258.99988,
        1250.3032322390204
      ],
      [
        286.4483293,
        1263.1562936356015
      ],
      [
        303.4454079,
        1229.2045086679113
      ],
      [
        320.2442385,
        1211.0011994096926
      ],
      [
        337.8570238,
        1227.8411832206523
      ],
      [
        362.3134671,
        1272.0173800706918
      ],
      [
        381.6206806,
        1290.6900736477123
      ],
      [
        394.9863813,
        1256.846637905786
      ],
      [
        432.3331642,
        1258.6062086934503
      ],
      [
        453.3367137,
        1244.5587685690741
      ],
      [
        484.7851908,
        1254.1555772070346
      ],
      [
        519.0420125,
        1323.4049515055478
      ],
      [
        547.0741226,
        1256.4589506775083
      ],
      [
        560.1649343,
        1238.510029838837
      ],
      [
        576.3021214,
        1212.4322787933681
      ],
      [
        594.7901097,
        1205.68215052244
      ],
      [
        612.1021802,
        1205.474478627907
      ]
    ]
  },
  "Timer": {
    "InfeasibleArcs": 0.0,
    "LowerBoundVehicles": 0.0475278,
    "MetaHeuristic": 583.5275977,
    "StartSolution": 28.5745868
  }
}