{
  "CP_Rejections": 0,
  "DeletedArcs": 0,
  "ILSIterations": 26,
  "InfTailPath": 0,
  "SolutionProgress": {
    "BestSolProgress": [
      [
        29.306915,
        1156.5800224119093
      ]
    ],
    "CurrSolProgress": [
      [
        29.306915,
        1156.5800224119093
      ],
      [
        50.3964998,
        1192.860621748246
      ],
      [
        75.6253627,
        1229.1316372955405
      ],
      [
        101.3884903,
        1208.331577765036
      ],
      [
        121.6866127,
        1269.659671351567
      ],
      [
        138.2189356,
        1238.6677134041017
      ],
      [
        152.8488296,
        1244.8703024210479
      ],
      [
        170.0270193,
        1232.1140858890778
      ],
      [
        186.6836924,
        1251.51162436314
      ],
      [
        229.7705744,
        1250.2706953037614
      ],
      [
        249.6186068,
        1243.2592059961385
      ],
      [
        273.2552108,
        1319.5781791645272
      ],
      [
        292.5988075,
        1176.2653462336827
      ],
      [
        319.0780639,
        1180.3695045809966
      ],
      [
        342.2239821,
        1201.69531946645
      ],
      [
        359.4022986,
        1273.3574270842391
      ],
      [
        379.1262666,
        1276.7519956585015
      ],
      [
        426.3276295,
        1276.143779594965
      ],
      [
        434.827387,
        1257.4895202905236
      ],
      [
        458.0103102,
        1268.0501555811575
      ],
      [
        483.5280577,
        1226.3039497311065
      ],
      [
        520.9860713,
        1243.0049597354591
      ],
      [
        533.9117084,
        1199.3590272194972
      ],
      [
        560.3766714,
        1230.584786074001
      ],
      [
        566.6030787,
        1200.2204333090824
      ],
      [
        596.297678,
        1208.25349344321
      ],
      [
        619.6754072,
        1193.0316745642665
      ]
    ]
  },
  "Timer": {
    "InfeasibleArcs": 0.0,
    "LowerBoundVehicles": 0.0283207,
    "MetaHeuristic": 590.362848,
    "StartSolution": 29.3125657
  }
}