{"mean": [8.443941343967351, 4.166425489633833, 0.5220837831970367, 0.4140180816101086, 1.2302440160212305, 1.591812036030589, 0.25925831797757504, 3.3388033840360802, 3.3793466214098515, 3.3269011307535172, 0.4858853164830328, 1.5730438638964468, 0.925657117034096, 0.3853020592289488, 1.1684352568128102, 3.796448092637929, 2.2228533192771502, 0.94077006376191, 0.23841480679983632, 0.7853519747261821, 0.4608573993061661, 0.19567221567893273, 0.2525975766709567, 0.5490260671250142, 0.4010775726051325, 0.11412640292041465, 0.2565382315610711, 0.5448689308410964, 0.3994757132494553, 0.11045185362692353, 0.2523587558377068, 0.5467374415673617, 0.3970216362906557, 0.11267140248905906, 0.02885364236595037, 0.11493769022792154, 0.06326092269479955, 0.03074456033130234, 0.026656301024069226, 0.11157569613219565, 0.05974316900633114, 0.030361155575519255, 0.0855622759109712, 0.25917351187102255, 0.15975433205052567, 0.06365238669829822], "std": [4.39457263445285, 2.124169665261618, 0.25421326817731826, 0.25836821042033686, 1.1297173257879332, 1.2623361242019706, 0.17377223378795628, 1.6914864797874078, 1.764401167445833, 1.6911449421607978, 0.16195343616588356, 0.4225741813972557, 0.16837251917021978, 0.14813243151766814, 0.37860802610441835, 0.9752749383378548, 0.39929774248819555, 0.354954562060539, 0.07730963960507467, 0.21481876983761342, 0.08670857262600866, 0.07702779932738403, 0.060130586179443814, 0.06093556684341124, 0.04766925614340564, 0.031505730790839626, 0.05931724923608775, 0.05475021189639654, 0.04727284722086039, 0.030810574533353906, 0.058332407001217446, 0.05968563420387766, 0.047726713117759494, 0.030004911328706585, 0.012546244742618845, 0.03132019625963139, 0.013230792743160587, 0.01145879278961116, 0.010798361208357915, 0.040872138821624576, 0.013668781447029292, 0.014035907429553046, 0.02866129290477768, 0.049379741302043645, 0.026690581891161566, 0.020782694044872454]}