{"mean": [11.53105556359427, 5.656679568803357, 0.7059898766459267, 0.532256386144453, 1.8420141248185684, 2.4571303103747644, 0.26789546354097254, 4.535500319538898, 4.621352192157431, 4.522237797231467, 0.43801821418856307, 1.7223742384777754, 0.9330854268815139, 0.39856249102431, 1.0423698706015712, 4.142523139455572, 2.222595151507217, 0.9794659600177229, 0.21437161164595595, 0.8514610764295524, 0.4644497644208428, 0.20020159502137336, 0.23492656634351042, 0.5701182896831137, 0.40297170953650097, 0.1156417113316821, 0.23817781435392854, 0.5619848188877634, 0.39749715600069735, 0.11088712776248212, 0.23258482853422083, 0.5683825302657597, 0.3961445034970111, 0.11524748581323525, 0.024993572042958857, 0.12477731977202204, 0.06297507275105972, 0.031137286794330414, 0.022608164350739257, 0.12154066416236238, 0.05953462372429564, 0.031069967990000648, 0.0775436381613852, 0.27620321468190806, 0.15968195061911666, 0.06429639333532783], "std": [3.3240296349441465, 1.672884190303251, 0.16026751937261519, 0.24623020311965438, 1.1587104720572101, 1.0773301874693493, 0.12831776876097575, 1.2122411803786892, 1.3142420535572918, 1.2144708230480707, 0.1138286852175852, 0.36713578244069994, 0.13280734320683812, 0.10825598755075098, 0.24152003293071608, 0.8154770959048385, 0.3054210362107796, 0.254772799141704, 0.05138925534466336, 0.1924932521746482, 0.06778783574051737, 0.06045035192511451, 0.041320646799040926, 0.039173846653584504, 0.03603617311077738, 0.02016090978772686, 0.0393429288848703, 0.0314162244432711, 0.0367321095707176, 0.0200378433241261, 0.038173951294827556, 0.034119444200779205, 0.03727023568687525, 0.018036606960019918, 0.008858645736449986, 0.02632642376026977, 0.010156128679524657, 0.008429675586699218, 0.006529392337244051, 0.039501526807697064, 0.011178597850232267, 0.01137927669330154, 0.021518776894830935, 0.033850330153195246, 0.020197414282810522, 0.014294591957769465]}