{"mean": [10.4740291393598, 5.132156204300493, 0.6425391538116986, 0.4914788148718285, 1.6320245058662692, 2.161353154184817, 0.26561288577024517, 4.123577915161081, 4.1981123637235855, 4.110016171338817, 0.4544160147242362, 1.6730851861373406, 0.9314112781058356, 0.3947098876366262, 1.082790191328276, 4.0260530565998645, 2.2221384121067835, 0.968530884997346, 0.2224489571898771, 0.8296889846849888, 0.4637138079954376, 0.1991708883423735, 0.24081707817178763, 0.5634926996850845, 0.4026599520128479, 0.11544997307407225, 0.24393755335639103, 0.5563130121246355, 0.3979299437505819, 0.11108278826971105, 0.23865594767398376, 0.5613259981997455, 0.3961837516197672, 0.11483586574881723, 0.02620684388940899, 0.12140593224200436, 0.06304962966321598, 0.03107654068486959, 0.02386256621750635, 0.11770389700736397, 0.05945508763854701, 0.030747738138548326, 0.08020947428963458, 0.27051491399787997, 0.15972439030742883, 0.06423397490138304], "std": [4.036676852652181, 2.0097270676182384, 0.21720515187236197, 0.2575690800970843, 1.1950022568614598, 1.2325284165793235, 0.14554364048764382, 1.5171312004173847, 1.609072663783978, 1.518808769411677, 0.13016146076119134, 0.3889888365101219, 0.14127981048036786, 0.12170380683295261, 0.2878883077888055, 0.8792234992344694, 0.33049145513844874, 0.288615235020284, 0.060960140237262206, 0.20055399021904446, 0.07293030624831985, 0.06582384918935877, 0.04782494688026575, 0.04655674378396116, 0.03902324705051191, 0.02389283145530848, 0.0457727495246261, 0.040044009810355566, 0.03944237517385185, 0.0235804829594638, 0.04494609130568801, 0.04392332086606024, 0.039965462506804314, 0.02213140922796912, 0.01007325541998954, 0.02808812996060571, 0.01091477317709888, 0.009465911488532323, 0.007996385525561464, 0.03975707090219922, 0.011696254171013793, 0.012080241299052108, 0.023575061319052237, 0.039609660411462945, 0.02175655142552705, 0.01652145412082862]}