{"mean": [8.44219419974793, 4.164458285264639, 0.5219589151405087, 0.41371623937574764, 1.2284983260058786, 1.5903266187572749, 0.2588288388923264, 3.338000275630894, 3.3790297347941767, 3.3258935220071266, 0.4860062589351634, 1.573502798787916, 0.9258843578669523, 0.38542652761410323, 1.1696657519201956, 3.795567832078385, 2.2231332300632376, 0.9399789490917273, 0.23841673877676167, 0.7851109240013713, 0.46080955728666984, 0.19554528127066412, 0.2526815996372342, 0.5489887235844464, 0.40110854264271406, 0.11409441167879256, 0.25666837824560945, 0.5448632626251174, 0.3995090083034808, 0.11042786837169075, 0.252411881469824, 0.5467060996672424, 0.39697925382294436, 0.11268578517546031, 0.02885899657017359, 0.11491829588976538, 0.06326541462073551, 0.030748793044324853, 0.02666313857523572, 0.11148323544876462, 0.05971706641089259, 0.030320068430800845, 0.0856099956210253, 0.2591849461074916, 0.15978015600107923, 0.06363862318545292], "std": [4.396247693329347, 2.1225281151155277, 0.25418680001185945, 0.2582925784700292, 1.1295449508757904, 1.2608517073891359, 0.17392352637150052, 1.6912598755325412, 1.7651208475007598, 1.6922647118560703, 0.16192945415757118, 0.4226131382558177, 0.1687453765829338, 0.14783671427254674, 0.37874723873731747, 0.9746934678325604, 0.39909255504564095, 0.3551884733628266, 0.07723461479392726, 0.21484796844701226, 0.086673344201096, 0.07705546618923224, 0.06010999306825293, 0.061034682733886896, 0.0477417138461513, 0.03152216263912759, 0.05926346749622123, 0.0547410014780292, 0.04724483846002973, 0.030789953492286578, 0.05834128473657932, 0.05965311693321459, 0.047739351554959245, 0.029999578644427934, 0.01254299871721901, 0.03124621204278821, 0.013212099157514137, 0.011444909295508416, 0.010816937880361715, 0.04083452771618003, 0.013671473631239644, 0.014002245798357512, 0.028662317299339723, 0.04937908675145153, 0.02669966248739993, 0.02074911391471932]}