{"mean": [10.344678077103831, 5.070706305049801, 0.6346603498257439, 0.4862360110349985, 1.6066881525549295, 2.1260442721256188, 0.26533696620698827, 4.073313701115271, 4.145485499446659, 4.05927085386252, 0.456658832002184, 1.6672001935419436, 0.9313166732384675, 0.3944120024989126, 1.0890803109848535, 4.009362529770789, 2.222431842598436, 0.9659924163929619, 0.22369566129379867, 0.826576286679476, 0.46355407561620654, 0.19885002904720223, 0.24164425511271478, 0.5625341479314161, 0.40256914060824134, 0.11538172645816319, 0.2448154015635028, 0.5554198313195782, 0.39800358925280394, 0.11103063360892189, 0.23957546907609822, 0.5603009768102318, 0.3961497423762642, 0.11469413221271405, 0.026371140049893257, 0.1209229130135244, 0.06305277334805691, 0.031056849841502, 0.02405041504948072, 0.11736479231765674, 0.05947898143729178, 0.03074817503033278, 0.0805474382103098, 0.2697461506197919, 0.1597352955934916, 0.06422081326402786], "std": [4.110108455261848, 2.03944481896765, 0.22268294917681608, 0.2585966908097268, 1.1982845688115897, 1.246633975458912, 0.14768873833006557, 1.5484180718731035, 1.6380980843660162, 1.5498000135141692, 0.13285068684728715, 0.3919847691264308, 0.1433893974693457, 0.12347140354021244, 0.2972808095398635, 0.8900552474921787, 0.33648478845042845, 0.2941536028874683, 0.06265162161122763, 0.2018409025934179, 0.07404034620478565, 0.0665853260798277, 0.048948072810401075, 0.04761758761434403, 0.03971433949013459, 0.024400235922050283, 0.0469785012270131, 0.04162254102713091, 0.04016844204784361, 0.024182713976608938, 0.046134446299182764, 0.04541262690936999, 0.04054567037101732, 0.022771523301094852, 0.010276658076644378, 0.02837853310417665, 0.011108738461448114, 0.009629344984116994, 0.008270143200655552, 0.04000360919574753, 0.011886367684932625, 0.012282406072916559, 0.023994023570416866, 0.04049502287663842, 0.022207602838945645, 0.016828716046812353]}