{
  "CP_Rejections": 0,
  "DeletedArcs": 0,
  "ILSIterations": 29,
  "InfTailPath": 0,
  "SolutionProgress": {
    "BestSolProgress": [
      [
        29.4402797,
        1156.5800224119093
      ]
    ],
    "CurrSolProgress": [
      [
        29.4402797,
        1156.5800224119093
      ],
      [
        42.2108159,
        1207.729424775573
      ],
      [
        64.4013828,
        1221.220940297309
      ],
      [
        98.7250936,
        1286.4564011084558
      ],
      [
        124.8803245,
        1244.4128096157701
      ],
      [
        142.5777681,
        1230.3194395705195
      ],
      [
        155.6557969,
        1216.7104496402576
      ],
      [
        166.6996182,
        1185.2508692250117
      ],
      [
        178.8409635,
        1177.2973964137295
      ],
      [
        196.3342293,
        1182.1139363627094
      ],
      [
        227.9573279,
        1186.957912696747
      ],
      [
        243.8540921,
        1322.1384807788158
      ],
      [
        284.4131692,
        1213.5107799814482
      ],
      [
        308.00024,
        1300.4449724512176
      ],
      [
        350.6660238,
        1281.6380630387332
      ],
      [
        367.4835178,
        1254.099876903361
      ],
      [
        391.0100734,
        1252.9492946520568
      ],
      [
        420.2870673,
        1234.574182815019
      ],
      [
        444.9778208,
        1264.5030004952184
      ],
      [
        459.8189655,
        1260.4760933403722
      ],
      [
        473.5687905,
        1225.707169260132
      ],
      [
        487.7250376,
        1207.4753234648208
      ],
      [
        494.9831367,
        1156.5800224119093
      ],
      [
        504.3643275,
        1158.3763326556727
      ],
      [
        519.1062301,
        1171.1516363316478
      ],
      [
        538.2059518,
        1198.3367907793431
      ],
      [
        559.2619021,
        1186.348577583746
      ],
      [
        578.3729935,
        1199.1424904406076
      ],
      [
        597.2830762,
        1235.451962420822
      ],
      [
        618.1454818,
        1233.8590687955614
      ]
    ]
  },
  "Timer": {
    "InfeasibleArcs": 0.0,
    "LowerBoundVehicles": 0.0305736,
    "MetaHeuristic": 588.6997153,
    "StartSolution": 29.4457718
  }
}