{
  "CP_Rejections": 0,
  "DeletedArcs": 0,
  "ILSIterations": 12,
  "InfTailPath": 0,
  "SolutionProgress": {
    "BestSolProgress": [
      [
        63.2707145,
        1466.5997820275718
      ]
    ],
    "CurrSolProgress": [
      [
        63.2707145,
        1466.5997820275718
      ],
      [
        92.0157063,
        1550.0942906826954
      ],
      [
        130.0124723,
        1540.8614044788287
      ],
      [
        206.0809749,
        1578.5736701917485
      ],
      [
        258.4162316,
        1559.7681493674513
      ],
      [
        297.0376492,
        1564.4852417343022
      ],
      [
        334.366312,
        1499.0137555788924
      ],
      [
        382.5766855,
        1526.5264273632433
      ],
      [
        417.413736,
        1565.3468186532693
      ],
      [
        475.8685481,
        1542.1200454291986
      ],
      [
        500.0045062,
        1551.5094412907495
      ],
      [
        538.4712269,
        1544.307302365706
      ],
      [
        622.4036775,
        1606.540852376941
      ]
    ]
  },
  "Timer": {
    "InfeasibleArcs": 0.0,
    "LowerBoundVehicles": 0.0106823,
    "MetaHeuristic": 559.1291046,
    "StartSolution": 63.2745771
  }
}