{
  "CP_Rejections": 0,
  "DeletedArcs": 0,
  "ILSIterations": 11,
  "InfTailPath": 0,
  "SolutionProgress": {
    "BestSolProgress": [
      [
        69.3679745,
        1384.5099693996465
      ]
    ],
    "CurrSolProgress": [
      [
        69.3679745,
        1384.5099693996465
      ],
      [
        97.4886452,
        1421.4876121220439
      ],
      [
        147.1332415,
        1453.9559919542714
      ],
      [
        175.1320499,
        1456.0311185075507
      ],
      [
        222.0049237,
        1466.7722074080307
      ],
      [
        277.1217231,
        1489.7713907928814
      ],
      [
        368.0933071,
        1558.7655977160089
      ],
      [
        405.5991038,
        1406.251481855242
      ],
      [
        454.5557574,
        1434.13111340678
      ],
      [
        521.4467321,
        1491.716748837926
      ],
      [
        566.1005865,
        1471.7524580789045
      ],
      [
        626.6909215,
        1484.4943353118101
      ]
    ]
  },
  "Timer": {
    "InfeasibleArcs": 0.0,
    "LowerBoundVehicles": 0.1353247,
    "MetaHeuristic": 557.3163743,
    "StartSolution": 69.3745568
  }
}