{
  "CP_Rejections": 0,
  "DeletedArcs": 0,
  "ILSIterations": 158,
  "InfTailPath": 0,
  "SolutionProgress": {
    "BestSolProgress": [
      [
        4.4291942,
        396.67362988041396
      ],
      [
        59.5196862,
        393.03873142675485
      ],
      [
        94.1750532,
        392.9366952115128
      ],
      [
        377.5010432,
        391.01035254159524
      ],
      [
        389.7715982,
        390.58709012915847
      ],
      [
        594.811103,
        387.60283228706
      ]
    ],
    "CurrSolProgress": [
      [
        4.4291942,
        396.67362988041396
      ],
      [
        12.2573418,
        418.6555800762637
      ],
      [
        17.3507384,
        409.3369395276871
      ],
      [
        19.9509084,
        414.4886143230231
      ],
      [
        22.4911666,
        448.8726278743777
      ],
      [
        27.4350937,
        444.7213343900367
      ],
      [
        37.9228241,
        412.8360580705255
      ],
      [
        45.7848958,
        430.2938390478931
      ],
      [
        53.2748011,
        406.3709788834758
      ],
      [
        59.5196862,
        393.03873142675485
      ],
      [
        62.4197835,
        427.79176467528515
      ],
      [
        65.6342991,
        458.42381540846975
      ],
      [
        68.6873796,
        430.06570252110913
      ],
      [
        72.5879562,
        411.5651996341777
      ],
      [
        77.4264383,
        425.26749393477036
      ],
      [
        80.5617073,
        441.0829500827799
      ],
      [
        83.7651568,
        402.84435246029267
      ],
      [
        86.7088979,
        431.47648680462345
      ],
      [
        89.9725459,
        428.5545215697261
      ],
      [
        94.1750532,
        392.9366952115128
      ],
      [
        96.4530475,
        403.6753374708229
      ],
      [
        99.5185413,
        420.14765115772514
      ],
      [
        104.5627278,
        407.0149627279118
      ],
      [
        106.7553151,
        444.52387559464734
      ],
      [
        109.6276237,
        407.8876694601781
      ],
      [
        112.0152972,
        423.1987673451185
      ],
      [
        116.3572,
        441.47571299542045
      ],
      [
        120.6542449,
        450.2772763177262
      ],
      [
        123.6455101,
        426.1888824818845
      ],
      [
        127.5329561,
        451.1912455441521
      ],
      [
        130.5615081,
        421.68925058250426
      ],
      [
        144.4205102,
        418.12938044456695
      ],
      [
        148.8176273,
        408.38143844350236
      ],
      [
        152.6797149,
        423.27169116268857
      ],
      [
        156.1932409,
        407.33818819804156
      ],
      [
        161.2203461,
        407.8645337071842
      ],
      [
        165.8307577,
        412.7593750671594
      ],
      [
        170.2253163,
        416.82511746722497
      ],
      [
        173.8307398,
        423.14634877036127
      ],
      [
        178.0690111,
        406.71714186439186
      ],
      [
        181.3379117,
        407.505561159657
      ],
      [
        183.6116813,
        427.7464423823661
      ],
      [
        186.3416972,
        420.3018481003921
      ],
      [
        190.2377714,
        445.52530232476664
      ],
      [
        194.7600195,
        452.4293231389028
      ],
      [
        200.0829545,
        450.11471624349156
      ],
      [
        203.3835731,
        429.13234076484196
      ],
      [
        207.6499151,
        436.7274099576096
      ],
      [
        216.0653298,
        423.85949775788777
      ],
      [
        220.3923663,
        397.749669686939
      ],
      [
        226.6623069,
        410.25936557820023
      ],
      [
        230.9324224,
        434.4666885885648
      ],
      [
        236.5520283,
        425.54861890102825
      ],
      [
        239.6728199,
        441.9928325372887
      ],
      [
        242.3350603,
        417.9983130972572
      ],
      [
        249.0648428,
        461.16322016906844
      ],
      [
        252.63873,
        405.419219792394
      ],
      [
        258.6873417,
        423.90121626782326
      ],
      [
        262.5300899,
        425.05306332552664
      ],
      [
        264.6975639,
        413.37655234305845
      ],
      [
        267.1979848,
        415.8766597486778
      ],
      [
        272.0467429,
        437.7114716987675
      ],
      [
        274.0660532,
        416.90832052575917
      ],
      [
        277.8100437,
        440.24408197715513
      ],
      [
        280.9816444,
        417.6779216623297
      ],
      [
        284.047289,
        427.89676768100975
      ],
      [
        291.8534328,
        459.0805080439852
      ],
      [
        296.3036794,
        431.2087380923608
      ],
      [
        298.9196169,
        408.0245449408205
      ],
      [
        301.5573238,
        423.67258187503245
      ],
      [
        303.4992417,
        414.4351669356665
      ],
      [
        305.1797376,
        417.75593950605094
      ],
      [
        311.1013095,
        430.9524512317714
      ],
      [
        314.6540461,
        404.76056217136284
      ],
      [
        317.6275866,
        453.2820843769563
      ],
      [
        328.3812296,
        450.1374699463128
      ],
      [
        331.2991607,
        413.02166296012325
      ],
      [
        335.0875694,
        401.0946301350318
      ],
      [
        337.6596634,
        398.9845379743243
      ],
      [
        340.6435243,
        414.1424659522674
      ],
      [
        343.2131102,
        405.93216048669717
      ],
      [
        351.2569615,
        429.89327363665404
      ],
      [
        353.2266774,
        441.11926563255537
      ],
      [
        356.5815246,
        441.2739527959802
      ],
      [
        359.2763007,
        429.8113680328249
      ],
      [
        362.3614845,
        488.97508429420685
      ],
      [
        365.1376103,
        403.8721489134526
      ],
      [
        368.3474815,
        400.3769074612279
      ],
      [
        370.2382967,
        419.5161960490359
      ],
      [
        372.3335193,
        430.10396906149674
      ],
      [
        376.3506519,
        417.31017890855713
      ],
      [
        377.5010432,
        391.01035254159524
      ],
      [
        381.8895714,
        399.1202280142709
      ],
      [
        385.0332326,
        396.46829262580036
      ],
      [
        389.7715982,
        390.58709012915847
      ],
      [
        392.4553047,
        421.3893869790961
      ],
      [
        394.463328,
        402.22073451682166
      ],
      [
        398.1200023,
        434.294352457847
      ],
      [
        403.0571326,
        419.2956976716122
      ],
      [
        406.9570303,
        413.7004442832025
      ],
      [
        409.2457557,
        407.30145665778645
      ],
      [
        415.3317452,
        414.3778349506233
      ],
      [
        418.4461684,
        429.02091778512755
      ],
      [
        419.2453354,
        403.9211776479018
      ],
      [
        422.3789104,
        436.1569858460669
      ],
      [
        423.497825,
        417.3890145897096
      ],
      [
        426.843677,
        405.0554356742079
      ],
      [
        430.0693468,
        435.07147438638674
      ],
      [
        432.6004271,
        410.95657676872906
      ],
      [
        436.8306736,
        456.9447185096761
      ],
      [
        443.7102064,
        449.79668219536495
      ],
      [
        447.5082946,
        416.17583147133166
      ],
      [
        451.6790011,
        416.10460860084504
      ],
      [
        454.4731356,
        454.4168606879804
      ],
      [
        460.1146388,
        463.3515993800191
      ],
      [
        465.0671977,
        407.99429327362014
      ],
      [
