{
  "CP_Rejections": 0,
  "DeletedArcs": 0,
  "ILSIterations": 94,
  "InfTailPath": 0,
  "SolutionProgress": {
    "BestSolProgress": [
      [
        4.0722355,
        900.8369608032973
      ],
      [
        10.090185,
        878.5484996228031
      ],
      [
        84.8640614,
        827.0656586746223
      ]
    ],
    "CurrSolProgress": [
      [
        4.0722355,
        900.8369608032973
      ],
      [
        10.090185,
        878.5484996228031
      ],
      [
        14.1651308,
        903.9285040441429
      ],
      [
        29.1056868,
        969.1737898758863
      ],
      [
        36.0747096,
        919.1278010515252
      ],
      [
        41.0185489,
        954.9484407044657
      ],
      [
        45.6888814,
        940.8357881935036
      ],
      [
        52.8717249,
        923.1796152555496
      ],
      [
        59.2844444,
        933.0562582514103
      ],
      [
        65.5351061,
        899.850497666628
      ],
      [
        81.7501954,
        962.5266681735922
      ],
      [
        84.8640614,
        827.0656586746223
      ],
      [
        88.2821587,
        902.5433179972136
      ],
      [
        91.056311,
        872.8831119409776
      ],
      [
        96.3624138,
        889.3146490946813
      ],
      [
        102.5817215,
        940.4800906576118
      ],
      [
        110.1327789,
        889.5242631068198
      ],
      [
        125.4472436,
        863.8860339255044
      ],
      [
        128.7837575,
        869.869747531341
      ],
      [
        137.9424254,
        870.4643357992275
      ],
      [
        143.9226079,
        912.1538834096018
      ],
      [
        151.6438263,
        889.4298988311783
      ],
      [
        155.4040658,
        899.511952568783
      ],
      [
        161.1635542,
        890.6137601554402
      ],
      [
        166.6346356,
        898.5775007893162
      ],
      [
        174.0118695,
        862.8561407484024
      ],
      [
        178.2229694,
        891.4488057820993
      ],
      [
        183.2214757,
        857.8592185067888
      ],
      [
        189.2938492,
        964.6086162849051
      ],
      [
        194.1642429,
        931.5832432727741
      ],
      [
        209.8378616,
        961.7877402873338
      ],
      [
        215.6249527,
        956.1855751307319
      ],
      [
        242.8141243,
        983.2022031153515
      ],
      [
        245.0218119,
        839.0584439598565
      ],
      [
        249.4355072,
        863.3739920252278
      ],
      [
        251.6723751,
        899.7128767908536
      ],
      [
        255.7595904,
        953.9260121916637
      ],
      [
        261.4506359,
        914.4824426483912
      ],
      [
        263.1658197,
        908.4525911472359
      ],
      [
        268.7984067,
        921.1772654085191
      ],
      [
        272.5195176,
        871.2154110989675
      ],
      [
        278.7150067,
        921.477432062181
      ],
      [
        281.5304447,
        839.0584439598565
      ],
      [
        299.6269719,
        959.6273084425563
      ],
      [
        306.9032611,
        957.6857788563888
      ],
      [
        310.939065,
        844.673188725529
      ],
      [
        314.3081777,
        875.9575361420085
      ],
      [
        320.9739216,
        887.8004540603557
      ],
      [
        324.3505485,
        828.228664689816
      ],
      [
        334.3544653,
        840.2214499750503
      ],
      [
        346.0673304,
        861.7297599205124
      ],
      [
        350.1096674,
        861.7297599205124
      ],
      [
        357.2628199,
        914.2249979148332
      ],
      [
        358.7499693,
        899.367169259373
      ],
      [
        368.4712617,
        899.6304392382922
      ],
      [
        373.0461638,
        875.9622269767646
      ],
      [
        376.8185712,
        889.3329717949493
      ],
      [
        381.8803,
        851.9516531416164
      ],
      [
        387.2612777,
        898.7367161455749
      ],
      [
        389.2229563,
        874.5183756712981
      ],
      [
        393.3116731,
        926.1050831466655
      ],
      [
        398.9634903,
        876.6004854800341
      ],
      [
        412.4177109,
        937.7353336166884
      ],
      [
        418.3080902,
        851.0759899303017
      ],
      [
        428.0363396,
        860.3177335497863
      ],
      [
        432.4192831,
        858.2731080229789
      ],
      [
        442.629294,
        887.4240420423558
      ],
      [
        451.5306468,
        839.9961944134385
      ],
      [
        455.3480293,
        870.6787283328684
      ],
      [
        461.3151679,
        871.56836739291
      ],
      [
        469.3422757,
        922.5355899218473
      ],
      [
        473.6756476,
        910.5120655928531
      ],
      [
        476.3731232,
        879.2705229776143
      ],
      [
        486.3215577,
        930.5290393291555
      ],
      [
        490.899068,
        929.7016149949416
      ],
      [
        495.9316563,
        879.3404065777645
      ],
      [
        503.357609,
        882.5795984370967
      ],
      [
        508.2679074,
        843.3858507159315
      ],
      [
        509.9489249,
        931.2990407090264
      ],
      [
        513.7383247,
        870.6787283328686
      ],
      [
        518.2992561,
        875.5133830010598
      ],
      [
        523.8271068,
        894.0538202627872
      ],
      [
        526.7223901,
        924.7501121244783
      ],
      [
        528.1012218,
        867.7207280432398
      ],
      [
        532.2093402,
        879.5405408300912
      ],
      [
        539.0810719,
        829.2454459070472
      ],
      [
        545.0532424,
        850.3902013048793
      ],
      [
        550.4465366,
        880.9999566156775
      ],
      [
        556.6466446,
        928.1629198840641
      ],
      [
        558.655725,
        911.7206378756623
      ],
      [
        566.327799,
        977.6368307220757
      ],
      [
        580.4099918,
        969.8076418697999
      ],
      [
        591.5420212,
        990.6570369247682
      ],
      [
        592.9284653,
        872.2618748399366
      ],
      [
        600.4125331,
        894.5650456879799
      ]
    ]
  },
  "Timer": {
    "InfeasibleArcs": 0.0,
    "LowerBoundVehicles": 0.0391808,
    "MetaHeuristic": 596.3368689,
    "StartSolution": 4.0756699
  }
}