{
  "CP_Rejections": 0,
  "DeletedArcs": 0,
  "ILSIterations": 17,
  "InfTailPath": 0,
  "SolutionProgress": {
    "BestSolProgress": [
      [
        54.285486,
        1545.680623976011
      ]
    ],
    "CurrSolProgress": [
      [
        54.285486,
        1545.680623976011
      ],
      [
        75.3558963,
        1590.2547500167616
      ],
      [
        125.6709791,
        1582.4743729019076
      ],
      [
        172.7339884,
        1608.3143927403357
      ],
      [
        211.9065774,
        1562.5202280774445
      ],
      [
        238.4635049,
        1609.676193270896
      ],
      [
        270.6254919,
        1622.5185704240514
      ],
      [
        281.2544173,
        1602.5148776124734
      ],
      [
        301.4807882,
        1622.7806318116334
      ],
      [
        364.86013,
        1605.5125982568875
      ],
      [
        415.8578729,
        1625.0480849459148
      ],
      [
        447.1661791,
        1622.0364979676472
      ],
      [
        478.5828341,
        1583.2655091152428
      ],
      [
        500.3069267,
        1559.1535144351847
      ],
      [
        529.3948425,
        1589.3168820937572
      ],
      [
        558.3330939,
        1591.959424056686
      ],
      [
        592.0338506,
        1613.0752212846915
      ],
      [
        626.1912131,
        1559.9953579008265
      ]
    ]
  },
  "Timer": {
    "InfeasibleArcs": 0.0,
    "LowerBoundVehicles": 0.0869845,
    "MetaHeuristic": 571.8996099,
    "StartSolution": 54.2916073
  }
}