{
  "CP_Rejections": 0,
  "DeletedArcs": 0,
  "ILSIterations": 10,
  "InfTailPath": 0,
  "SolutionProgress": {
    "BestSolProgress": [
      [
        78.0280287,
        1135.4697569042594
      ],
      [
        188.2920813,
        1131.1627223741718
      ]
    ],
    "CurrSolProgress": [
      [
        78.0280287,
        1135.4697569042594
      ],
      [
        134.8181618,
        1141.3678704148695
      ],
      [
        161.6878758,
        1135.8192279259347
      ],
      [
        188.2920813,
        1131.1627223741718
      ],
      [
        217.3984132,
        1166.6660574350633
      ],
      [
        245.8114252,
        1183.528465207369
      ],
      [
        321.4233044,
        1162.2215548565732
      ],
      [
        399.783093,
        1182.783581921713
      ],
      [
        471.777441,
        1184.9986709856203
      ],
      [
        539.8849803,
        1202.771063151553
      ],
      [
        619.5302759,
        1202.46714720326
      ]
    ]
  },
  "Timer": {
    "InfeasibleArcs": 0.0,
    "LowerBoundVehicles": 0.0392183,
    "MetaHeuristic": 541.4967399,
    "StartSolution": 78.0335397
  }
}