{
  "CP_Rejections": 0,
  "DeletedArcs": 0,
  "ILSIterations": 15,
  "InfTailPath": 0,
  "SolutionProgress": {
    "BestSolProgress": [
      [
        57.3411987,
        1545.680623976011
      ],
      [
        433.3942314,
        1543.173262646918
      ]
    ],
    "CurrSolProgress": [
      [
        57.3411987,
        1545.680623976011
      ],
      [
        88.5359625,
        1585.1466307336727
      ],
      [
        140.3399476,
        1644.754395440105
      ],
      [
        175.4324636,
        1617.3915445939615
      ],
      [
        231.1280654,
        1643.4070016066016
      ],
      [
        280.9063472,
        1658.7675261626152
      ],
      [
        333.8288891,
        1609.643135003583
      ],
      [
        364.2589328,
        1585.1311917990965
      ],
      [
        385.477534,
        1611.2768317986538
      ],
      [
        416.324923,
        1553.6165032487295
      ],
      [
        433.3942314,
        1543.173262646918
      ],
      [
        460.354442,
        1606.7594706874097
      ],
      [
        506.3172021,
        1629.4776168136887
      ],
      [
        542.3503338,
        1591.058830825951
      ],
      [
        592.4194319,
        1646.9574594128035
      ],
      [
        620.8945458,
        1578.5822419309332
      ]
    ]
  },
  "Timer": {
    "InfeasibleArcs": 0.0,
    "LowerBoundVehicles": 0.0915398,
    "MetaHeuristic": 563.5469323,
    "StartSolution": 57.3476183
  }
}