{
  "CP_Rejections": 0,
  "DeletedArcs": 0,
  "ILSIterations": 161,
  "InfTailPath": 0,
  "SolutionProgress": {
    "BestSolProgress": [
      [
        4.3434067,
        396.67362988041396
      ],
      [
        298.1676132,
        392.4904150595404
      ],
      [
        355.4546323,
        392.20433485415685
      ],
      [
        468.8163219,
        389.6188700841401
      ],
      [
        544.973345,
        385.0487009956745
      ]
    ],
    "CurrSolProgress": [
      [
        4.3434067,
        396.67362988041396
      ],
      [
        8.1594176,
        412.77877606244647
      ],
      [
        13.6369321,
        432.18138296334365
      ],
      [
        17.9590861,
        427.27187257705475
      ],
      [
        20.5089103,
        436.8374983257459
      ],
      [
        28.8757134,
        402.40079228965925
      ],
      [
        33.6424957,
        413.3095107082337
      ],
      [
        38.40076,
        413.92653320641483
      ],
      [
        43.3778976,
        428.88941486015875
      ],
      [
        46.3159493,
        467.5912869678764
      ],
      [
        50.7849342,
        424.9531019592852
      ],
      [
        55.665927,
        418.5791740123551
      ],
      [
        65.331323,
        441.62899675208547
      ],
      [
        69.0532702,
        419.8994582711157
      ],
      [
        72.4059126,
        403.6168362348531
      ],
      [
        76.4839181,
        421.27570837903176
      ],
      [
        80.7034889,
        431.35741207289493
      ],
      [
        87.3639448,
        419.91516550618115
      ],
      [
        90.4505883,
        418.7512506615577
      ],
      [
        93.3033269,
        419.23359258091057
      ],
      [
        96.9006556,
        411.8109469730965
      ],
      [
        98.1236983,
        415.94599109984085
      ],
      [
        105.6144289,
        405.9114780271327
      ],
      [
        110.8314341,
        397.97728991314955
      ],
      [
        114.7026859,
        422.3578582623562
      ],
      [
        119.82563,
        420.430634848005
      ],
      [
        122.0405789,
        413.6921364232259
      ],
      [
        125.3742701,
        451.42841467099
      ],
      [
        128.6198303,
        407.77912225747116
      ],
      [
        131.3659034,
        440.79261122810084
      ],
      [
        133.5387394,
        410.50920493852436
      ],
      [
        135.1252526,
        421.39811464634835
      ],
      [
        141.3436144,
        440.1156328354041
      ],
      [
        145.9636243,
        436.93952970234415
      ],
      [
        149.7829698,
        452.2152366530883
      ],
      [
        154.7998941,
        444.8718682756155
      ],
      [
        159.7010965,
        402.6364630398941
      ],
      [
        164.7406559,
        431.4937743206623
      ],
      [
        168.3654568,
        417.13342999469853
      ],
      [
        171.1831793,
        422.3730131196806
      ],
      [
        173.1172277,
        421.28394854947305
      ],
      [
        174.7451504,
        416.4172805064203
      ],
      [
        179.193147,
        401.54812411064063
      ],
      [
        182.5518225,
        423.8817596607046
      ],
      [
        190.8368386,
        421.112296079036
      ],
      [
        197.2510062,
        441.7798572894257
      ],
      [
        200.8669653,
        414.0967879107496
      ],
      [
        204.5218962,
        430.04879959691954
      ],
      [
        208.5544557,
        459.5630735028804
      ],
      [
        213.3328344,
        445.0622125765281
      ],
      [
        216.439876,
        444.4352055637764
      ],
      [
        219.7668648,
        399.7233892771211
      ],
      [
        222.3297696,
        429.78244052057755
      ],
      [
        224.8412585,
        410.92711524227457
      ],
      [
        227.8272513,
        464.0298446042054
      ],
      [
        229.9683962,
        428.889240436711
      ],
      [
        233.6722412,
        481.5749898540626
      ],
      [
        234.2438555,
        396.6736298804139
      ],
      [
        235.5510829,
        426.8937987524615
      ],
      [
        240.5646121,
        433.1349052334476
      ],
      [
        243.4160718,
        456.2792192116214
      ],
      [
        246.7392981,
        425.7287832336882
      ],
      [
        260.0744359,
        486.02899062386075
      ],
      [
        264.398604,
        414.11484877207266
      ],
      [
        270.8322458,
        433.7041364404814
      ],
      [
        275.3812035,
        428.4655356829505
      ],
      [
        277.5838787,
        414.6338306366821
      ],
      [
        281.1873933,
        421.08004561764875
      ],
      [
        291.9494656,
        446.7021167409087
      ],
      [
        295.3662937,
        424.3460177549733
      ],
      [
        297.2445049,
        439.0785340946771
      ],
      [
        298.1676132,
        392.4904150595404
      ],
      [
        306.5586542,
        424.095179343428
      ],
      [
        309.630399,
        433.8394239540637
      ],
      [
        314.9387124,
        459.12855532054783
      ],
      [
        319.8264928,
        468.35789130884643
      ],
      [
        323.716238,
        430.4809298881338
      ],
      [
        325.617485,
        430.4809298881338
      ],
      [
        329.2901623,
        441.5186862449304
      ],
      [
        333.9572671,
        422.5624542105869
      ],
      [
        337.5842895,
        394.7932249718099
      ],
      [
        340.7366897,
        406.31384492303494
      ],
      [
        347.2950737,
        395.0947527987919
      ],
      [
        350.6450936,
        417.4532453635491
      ],
      [
        353.3860368,
        418.0188959667514
      ],
      [
        355.4546323,
        392.20433485415685
      ],
      [
        359.5272352,
        442.57128330785366
      ],
      [
        366.2077936,
        452.2531558961179
      ],
      [
        369.4664847,
        464.5995591537131
      ],
      [
        372.6346762,
        434.31182439857673
      ],
      [
        374.6335496,
        430.9613987592346
      ],
      [
        378.3738563,
        448.1539835105532
      ],
      [
        382.5385902,
        431.6823244780037
      ],
      [
        389.0455097,
        402.04723535199827
      ],
      [
        394.7274185,
        425.0775546621682
      ],
      [
        398.038695,
        415.69189513866394
      ],
      [
        401.9452698,
        437.6117135597263
      ],
      [
        403.8867647,
        406.0777836965113
      ],
      [
        408.9450355,
        420.53220242210847
      ],
      [
        413.7980099,
        406.7250661440988
      ],
      [
        416.4893317,
        416.18785532964796
      ],
      [
        419.6993597,
        431.37805998994327
      ],
      [
        424.670915,
        432.9984407773852
      ],
      [
        429.4433307,
        453.587656951285
      ],
      [
        432.8836757,
        415.5935460959043
      ],
      [
        435.8584752,
        414.4097988316448
      ],
      [
        438.0488771,
        399.98247886955676
      ],
      [
        440.5685045,
        432.8043178566371
      ],
      [
        443.9283137,
        431.1324160042613
      ],
      [
        447.7194211,
        411.85253679798217
      ],
      [
        452.3944081,
        441.7958766345635
      ],
      [
        454.1147736,
        408.3778018223924
      ],
      [
        456.3666191,
        426.18521373397164
      ],
      [
        459.576253,
        399.87156652432645
      ],
      [
        461.6956117,
        436.88731189759955
      ],
      [
        467.051361,
        466.64347555187896
      ],
      [
        468.8163219,
        389.6188700841401
      ],
      [
