{
  "CP_Rejections": 0,
  "DeletedArcs": 0,
  "ILSIterations": 16,
  "InfTailPath": 0,
  "SolutionProgress": {
    "BestSolProgress": [
      [
        54.416953,
        1545.680623976011
      ]
    ],
    "CurrSolProgress": [
      [
        54.416953,
        1545.680623976011
      ],
      [
        96.9969081,
        1600.6296341673794
      ],
      [
        133.8706958,
        1638.6713432577687
      ],
      [
        151.2095654,
        1624.0922488984831
      ],
      [
        166.0168075,
        1618.883545508956
      ],
      [
        212.4492373,
        1594.731174061755
      ],
      [
        280.5450572,
        1624.3987963644092
      ],
      [
        296.7762848,
        1568.6244602523875
      ],
      [
        320.4027177,
        1603.8368475157765
      ],
      [
        341.9775559,
        1572.0077611745896
      ],
      [
        362.564079,
        1564.7234551284323
      ],
      [
        385.8425947,
        1626.0344679360398
      ],
      [
        417.6852379,
        1605.043449472991
      ],
      [
        459.4028778,
        1643.341401746769
      ],
      [
        527.0500613,
        1651.426779508004
      ],
      [
        568.0817872,
        1657.2626378621762
      ],
      [
        609.1185034,
        1637.1535641656283
      ]
    ]
  },
  "Timer": {
    "InfeasibleArcs": 0.0,
    "LowerBoundVehicles": 0.0880845,
    "MetaHeuristic": 554.6946596,
    "StartSolution": 54.4238524
  }
}