{
  "CP_Rejections": 0,
  "DeletedArcs": 0,
  "ILSIterations": 14,
  "InfTailPath": 0,
  "SolutionProgress": {
    "BestSolProgress": [
      [
        57.0270449,
        625.5658073628533
      ]
    ],
    "CurrSolProgress": [
      [
        57.0270449,
        625.5658073628533
      ],
      [
        128.2745316,
        642.1022068247264
      ],
      [
        169.0575757,
        649.0574487875034
      ],
      [
        228.4669117,
        664.4347713689764
      ],
      [
        260.9749245,
        665.6582414500261
      ],
      [
        284.2172574,
        643.2257212141358
      ],
      [
        321.4024657,
        648.4060939800373
      ],
      [
        349.4343614,
        659.6784267978941
      ],
      [
        379.9259689,
        664.9947892341091
      ],
      [
        409.4031176,
        692.1458314088245
      ],
      [
        481.9354073,
        668.855519129637
      ],
      [
        518.6096349,
        664.1008128393928
      ],
      [
        550.0056764,
        639.7796278091118
      ],
      [
        592.8154233,
        661.7168897274421
      ],
      [
        635.796223,
        651.1213798542259
      ]
    ]
  },
  "Timer": {
    "InfeasibleArcs": 0.0,
    "LowerBoundVehicles": 0.0428078,
    "MetaHeuristic": 578.7636514,
    "StartSolution": 57.0325768
  }
}