{
  "CP_Rejections": 0,
  "DeletedArcs": 0,
  "ILSIterations": 178,
  "InfTailPath": 0,
  "SolutionProgress": {
    "BestSolProgress": [
      [
        1.1710363,
        313.43111650124615
      ],
      [
        121.7411274,
        303.50894046135284
      ],
      [
        165.6888529,
        301.7428983952258
      ],
      [
        524.9201055,
        301.6582384371261
      ]
    ],
    "CurrSolProgress": [
      [
        1.1710363,
        313.43111650124615
      ],
      [
        4.0219133,
        322.36655486192427
      ],
      [
        5.8380722,
        321.9476275668006
      ],
      [
        9.6822333,
        345.4678879866729
      ],
      [
        13.2328243,
        318.1283249637368
      ],
      [
        22.8038031,
        325.0993841386936
      ],
      [
        26.2534457,
        319.4918323178256
      ],
      [
        30.8750163,
        358.1534666477204
      ],
      [
        34.6550491,
        325.5110073892426
      ],
      [
        37.5934663,
        325.85829441041557
      ],
      [
        40.5077588,
        325.5110073892427
      ],
      [
        43.7139254,
        338.33187714192053
      ],
      [
        45.0982935,
        345.3375568126283
      ],
      [
        47.4401168,
        317.1817747188732
      ],
      [
        50.6544449,
        342.85258726002473
      ],
      [
        51.8604801,
        334.1151496283134
      ],
      [
        54.111571,
        361.07164759189465
      ],
      [
        56.5971259,
        320.11888410728596
      ],
      [
        60.1660813,
        319.06780353371687
      ],
      [
        62.8143442,
        318.5287416244843
      ],
      [
        65.4661242,
        322.0992964865561
      ],
      [
        66.7957083,
        355.83556054724306
      ],
      [
        68.6915553,
        335.7077836438426
      ],
      [
        71.2193662,
        338.5167224598156
      ],
      [
        75.855738,
        353.73935314141374
      ],
      [
        80.0815109,
        334.67228222132644
      ],
      [
        85.1770273,
        327.21782682998355
      ],
      [
        90.6401838,
        330.72632144914957
      ],
      [
        93.6081374,
        330.91600521581057
      ],
      [
        97.5953759,
        332.8797284462388
      ],
      [
        101.0271221,
        330.9160052158105
      ],
      [
        104.7362724,
        330.2998915099681
      ],
      [
        110.6460164,
        332.7281366976161
      ],
      [
        113.4869236,
        330.7875394449628
      ],
      [
        120.1964471,
        344.95906739116134
      ],
      [
        121.7411274,
        303.50894046135284
      ],
      [
        125.4815924,
        321.96726872665454
      ],
      [
        129.3499345,
        335.95320081532117
      ],
      [
        132.8808533,
        320.81446929111934
      ],
      [
        137.7835562,
        336.2046467581246
      ],
      [
        140.3457432,
        349.98765966829535
      ],
      [
        143.3398211,
        325.80394835557814
      ],
      [
        147.1101116,
        318.38131777333444
      ],
      [
        149.7530901,
        332.31725430776544
      ],
      [
        154.7540397,
        327.6822930340005
      ],
      [
        157.663042,
        308.79454210039927
      ],
      [
        162.6719646,
        308.7945421003992
      ],
      [
        165.6888529,
        301.7428983952258
      ],
      [
        169.3033419,
        326.2679125767761
      ],
      [
        173.2692235,
        302.021878228348
      ],
      [
        176.2662989,
        315.2719344923078
      ],
      [
        179.9791488,
        302.0218782283479
      ],
      [
        183.9556181,
        342.5179008033622
      ],
      [
        186.8189761,
        344.89297948739875
      ],
      [
        189.8962228,
        328.1003437960235
      ],
      [
        194.4770074,
        330.5916170591766
      ],
      [
        196.4627092,
        357.1592807015362
      ],
      [
        200.8653161,
        345.5058353512926
      ],
      [
        204.5752742,
        343.5663651614656
      ],
      [
        209.5785436,
        340.60313782319645
      ],
      [
        214.2702144,
        344.60806527718677
      ],
      [
        222.1230812,
        330.55659850351276
      ],
      [
        224.8409379,
        333.84815994582976
      ],
      [
        230.2332418,
        321.75081184584536
      ],
      [
        236.7019819,
        339.9364099701994
      ],
      [
        238.4862137,
        331.2820094968238
      ],
      [
        239.0889809,
        342.6080558141404
      ],
      [
        241.5871879,
        332.1896233186027
      ],
      [
        243.9796099,
        350.07879068944834
      ],
      [
        247.3081351,
        343.9110043933431
      ],
      [
        249.1806619,
        337.70092049591267
      ],
      [
        251.9715923,
        325.9208985202285
      ],
      [
        255.6268653,
        304.13400521783547
      ],
      [
        258.6495413,
        328.0842300649393
      ],
      [
        263.643427,
        341.71803433037996
      ],
      [
        266.3611445,
        312.4613172151539
      ],
      [
        270.3258028,
        324.66209191745065
      ],
      [
        273.1765883,
        341.1378311266059
      ],
      [
        280.1278765,
        348.1132507535416
      ],
      [
        285.3297531,
        314.41363337861543
      ],
      [
        288.3172846,
        320.4926718915275
      ],
      [
        291.8071693,
        331.9956575357875
      ],
      [
        296.7200836,
        323.0930852572914
      ],
      [
        299.5031816,
        325.8244461020299
      ],
      [
        300.734849,
        324.93773693338125
      ],
      [
        303.322508,
        319.0188937186216
      ],
      [
        304.7723699,
        366.9942332115494
      ],
      [
        309.7969571,
        358.11120196858997
      ],
      [
        314.0201138,
        330.29989150996823
      ],
      [
        316.9073309,
        315.6761976255753
      ],
      [
        319.6375568,
        305.7956226373664
      ],
      [
        321.277705,
        303.5089404613526
      ],
      [
        323.7004851,
        315.82461675390556
      ],
      [
        331.023198,
        364.14266992247553
      ],
      [
        335.3785504,
        344.997684668177
      ],
      [
        337.4180996,
        342.3998208300085
      ],
      [
        340.0907434,
        321.1461748316283
      ],
      [
        343.8563117,
        327.27275847254555
      ],
      [
        345.9453303,
        330.5232325449493
      ],
      [
        352.108217,
        362.3303500350635
      ],
      [
        354.5243313,
        330.00905537344056
      ],
      [
        356.5706291,
        311.1154716058128
      ],
      [
        359.5871116,
        325.8751263341525
      ],
      [
        363.7924386,
        315.3179082459598
      ],
      [
        366.8747897,
        326.88334137695756
      ],
      [
        369.6710564,
        354.66132570202683
      ],
      [
        379.2595938,
        383.0083189140698
      ],
      [
        381.735947,
        347.4200783685239
      ],
      [
        384.4657051,
        318.7114526655392
      ],
      [
        395.6511863,
        387.4816097004165
      ],
      [
        400.0719893,
        364.03781198821804
      ],
      [
        405.2362123,
        329.5416309756479
      ],
      [
        408.1386305,
        307.5315075699505
      ],
      [
        408.6731837,
        302.02187822834816
      ],
      [
        411.4225941,
        347.26730192138115
      ],
      [
        412.665144,
        333.11961089149827
      ],
      [
        415.6045508,
        358.3141801297452
      ],
      [
        419.7630378,
        334.38269950235014
      ],
      [
