{
  "CP_Rejections": 0,
  "DeletedArcs": 0,
  "ILSIterations": 16,
  "InfTailPath": 0,
  "SolutionProgress": {
    "BestSolProgress": [
      [
        64.8082986,
        1466.5997820275718
      ],
      [
        570.1890885,
        1456.116956066509
      ]
    ],
    "CurrSolProgress": [
      [
        64.8082986,
        1466.5997820275718
      ],
      [
        91.6628583,
        1487.1368183643517
      ],
      [
        117.2285185,
        1488.484729837376
      ],
      [
        140.7233686,
        1520.7139738726746
      ],
      [
        212.1511813,
        1506.0204079447403
      ],
      [
        264.0137209,
        1550.1884029453286
      ],
      [
        280.2813546,
        1533.363926374622
      ],
      [
        341.444458,
        1482.670505312771
      ],
      [
        376.973663,
        1534.8363460042326
      ],
      [
        396.3726062,
        1531.4385970791118
      ],
      [
        404.5627376,
        1530.0070098639646
      ],
      [
        429.7470989,
        1530.3419721223677
      ],
      [
        449.1963723,
        1499.0409866622354
      ],
      [
        487.9378326,
        1493.913286894378
      ],
      [
        520.681133,
        1475.174843943301
      ],
      [
        570.1890885,
        1456.116956066509
      ],
      [
        647.9576682,
        1542.7724530320922
      ]
    ]
  },
  "Timer": {
    "InfeasibleArcs": 0.0,
    "LowerBoundVehicles": 0.0106719,
    "MetaHeuristic": 583.1455277,
    "StartSolution": 64.8121443
  }
}