{
  "CP_Rejections": 0,
  "DeletedArcs": 0,
  "ILSIterations": 174,
  "InfTailPath": 0,
  "SolutionProgress": {
    "BestSolProgress": [
      [
        4.3077088,
        396.67362988041396
      ],
      [
        106.809808,
        393.0826165681094
      ],
      [
        117.64255730000001,
        388.26251927488795
      ],
      [
        293.6731236,
        381.5585603805012
      ]
    ],
    "CurrSolProgress": [
      [
        4.3077088,
        396.67362988041396
      ],
      [
        11.701545,
        446.4490779847257
      ],
      [
        16.5381723,
        415.8170163187831
      ],
      [
        18.7542528,
        402.08612029043525
      ],
      [
        21.172744,
        436.0012669793278
      ],
      [
        26.2049799,
        407.04003489097886
      ],
      [
        28.0432081,
        411.2571437937967
      ],
      [
        31.3490681,
        406.19751064698386
      ],
      [
        33.6563525,
        444.99779172393977
      ],
      [
        36.3328158,
        398.3507868990474
      ],
      [
        39.903509,
        424.71679497947434
      ],
      [
        42.9466285,
        412.93930266089666
      ],
      [
        45.6565934,
        411.00894429574964
      ],
      [
        50.5672692,
        423.68863412904545
      ],
      [
        53.1735853,
        442.03182022010145
      ],
      [
        56.2087085,
        419.49948266209043
      ],
      [
        60.7229649,
        421.31315110476083
      ],
      [
        67.9240363,
        461.4356721435434
      ],
      [
        72.7743618,
        408.32190146575897
      ],
      [
        79.416442,
        431.1832124056084
      ],
      [
        82.1714122,
        416.8466420656991
      ],
      [
        84.3498931,
        432.7217532897175
      ],
      [
        87.1143757,
        435.416144435237
      ],
      [
        90.0554181,
        420.7263945698783
      ],
      [
        94.0922542,
        415.71577779293546
      ],
      [
        99.0099602,
        429.1552342136833
      ],
      [
        104.1596622,
        437.0801911155444
      ],
      [
        106.809808,
        393.0826165681094
      ],
      [
        110.6922281,
        407.13923468303494
      ],
      [
        113.1268077,
        401.62759900350164
      ],
      [
        117.64255730000001,
        388.26251927488795
      ],
      [
        129.7226334,
        428.73946263448624
      ],
      [
        137.0171333,
        405.8285168870703
      ],
      [
        140.7243145,
        395.0181009253406
      ],
      [
        147.7198261,
        431.4060368527323
      ],
      [
        150.4216285,
        414.51312042555435
      ],
      [
        151.1027492,
        424.92846640189856
      ],
      [
        153.1657633,
        401.12485194090453
      ],
      [
        157.1406337,
        425.74863447634976
      ],
      [
        162.6182439,
        468.6283951834052
      ],
      [
        166.7470901,
        465.14082615219024
      ],
      [
        169.9774398,
        418.8106499430887
      ],
      [
        175.2037203,
        451.28283186595576
      ],
      [
        177.0608588,
        404.3492477451957
      ],
      [
        181.8147422,
        406.8268748753293
      ],
      [
        184.2695105,
        394.03229062234453
      ],
      [
        187.5572752,
        401.11187388044976
      ],
      [
        193.959957,
        437.7323091732806
      ],
      [
        198.9549915,
        452.9714143996018
      ],
      [
        202.5575279,
        410.17126581786005
      ],
      [
        204.6694973,
        397.13883499873594
      ],
      [
        206.5534843,
        399.69594369478466
      ],
      [
        209.9729708,
        435.13375418005114
      ],
      [
        213.6957421,
        407.16001098559485
      ],
      [
        216.810092,
        422.704218117946
      ],
      [
        220.9121266,
        422.14140982928353
      ],
      [
        225.4925157,
        424.29428959882904
      ],
      [
        228.1465967,
        440.6522844616619
      ],
      [
        231.5157139,
        391.63620273506984
      ],
      [
        235.924771,
        403.3764964536204
      ],
      [
        238.6626772,
        406.733138543132
      ],
      [
        244.6347201,
        396.6776981996141
      ],
      [
        251.2997067,
        436.0151289836697
      ],
      [
        253.6794507,
        443.33938912484984
      ],
      [
        256.5870035,
        447.5130219743973
      ],
      [
        262.2690477,
        439.9922528378662
      ],
      [
        271.0106225,
        532.044934105634
      ],
      [
        278.9610143,
        406.0612951933367
      ],
      [
        282.4444787,
        409.4512720351852
      ],
      [
        286.7258901,
        413.68758566447354
      ],
      [
        288.9093201,
        395.3053852752937
      ],
      [
        291.2729627,
        393.92029257003435
      ],
      [
        293.6731236,
        381.5585603805012
      ],
      [
        294.7279728,
        388.626827072652
      ],
      [
        298.7277185,
        454.4983930007954
      ],
      [
        307.3785877,
        432.6390263351532
      ],
      [
        311.3657802,
        399.9792782451018
      ],
      [
        313.6539941,
        420.7997104987934
      ],
      [
        317.4511551,
        439.574155731052
      ],
      [
        320.1669037,
        391.74368805501337
      ],
      [
        322.182856,
        397.4117477673982
      ],
      [
        323.6781193,
        405.2713218653663
      ],
      [
        325.2997966,
        407.00218322984756
      ],
      [
        329.8369748,
        408.0749446464623
      ],
      [
        334.3563304,
        392.1585962310665
      ],
      [
        337.0053855,
        407.54626450973774
      ],
      [
        337.005492,
        388.104704744406
      ],
      [
        337.0055467,
        388.104704744406
      ],
      [
        337.179058,
        388.104704744406
      ],
      [
        341.2547151,
        415.7718065052844
      ],
      [
        343.3285087,
        412.7836038183038
      ],
      [
        347.2320522,
        413.7076241553467
      ],
      [
        350.8646858,
        454.3976252478482
      ],
      [
        353.1093201,
        432.5559499871183
      ],
      [
        358.1233713,
        394.8240082996928
      ],
      [
        362.3912149,
        430.1605712406801
      ],
      [
        365.8710923,
        384.557562550167
      ],
      [
        367.2986172,
        384.557562550167
      ],
      [
        369.671155,
        418.25498296170844
      ],
      [
        371.7901987,
        403.30479763207006
      ],
      [
        375.2747853,
        414.4942801663479
      ],
      [
        378.0427141,
        431.16868400118756
      ],
      [
        380.3424593,
        417.04795007908547
      ],
      [
        383.396136,
        424.9137316564623
      ],
      [
        388.1226162,
        404.5503477104691
      ],
      [
        394.2856385,
        405.2789899487919
      ],
      [
        399.7126866,
        404.88171185019115
      ],
      [
        403.6265379,
        437.73449662819496
      ],
      [
        404.5862895,
        441.5854689326352
      ],
      [
        407.9350352,
        445.2290687890078
      ],
      [
        409.049479,
        404.1785952904396
      ],
      [
        412.6319646,
        413.6607502812908
      ],
      [
        418.0414686,
        404.6833372693368
      ],
      [
        419.6155363,
        415.6048704223555
      ],
      [
        421.8528473,
        402.0830711797012
      ],
      [
        425.4321985,
        439.9178940616459
      ],
      [
        428.3444298,
        421.6549111403567
      ],
      [
        431.6946921,
        423.18890756838437
      ],
      [
