{
  "CP_Rejections": 0,
  "DeletedArcs": 0,
  "ILSIterations": 198,
  "InfTailPath": 0,
  "SolutionProgress": {
    "BestSolProgress": [
      [
        1.1888873,
        313.43111650124615
      ],
      [
        25.3062324,
        307.18422054877743
      ],
      [
        52.3367114,
        304.13400521783547
      ],
      [
        76.0828078,
        302.02187822834816
      ]
    ],
    "CurrSolProgress": [
      [
        1.1888873,
        313.43111650124615
      ],
      [
        3.3506305,
        340.8182716831219
      ],
      [
        6.9705514,
        331.02418690269155
      ],
      [
        9.9831863,
        317.2550884459167
      ],
      [
        15.0565738,
        317.2550884459167
      ],
      [
        20.5398019,
        337.6106841893533
      ],
      [
        25.3062324,
        307.18422054877743
      ],
      [
        28.3458923,
        333.13419213131067
      ],
      [
        31.8634514,
        314.46633074667415
      ],
      [
        42.7143839,
        350.61254128636335
      ],
      [
        45.6900667,
        317.1855393612826
      ],
      [
        48.9946604,
        340.3477756392709
      ],
      [
        52.3367114,
        304.13400521783547
      ],
      [
        53.9873982,
        307.1842205487775
      ],
      [
        58.0073676,
        313.04754222730975
      ],
      [
        62.8117312,
        329.1240259684248
      ],
      [
        68.8111848,
        347.2501634870624
      ],
      [
        72.1948335,
        349.88846332603646
      ],
      [
        74.9038987,
        313.2982195878899
      ],
      [
        76.0828078,
        302.02187822834816
      ],
      [
        78.5756042,
        307.76852192926003
      ],
      [
        80.9798372,
        321.9375833272154
      ],
      [
        83.730001,
        309.80181470073444
      ],
      [
        86.982958,
        345.37345292429393
      ],
      [
        88.9981655,
        307.6838619711604
      ],
      [
        95.4519525,
        323.93193203758443
      ],
      [
        97.293296,
        332.6361394357375
      ],
      [
        100.3295234,
        360.0900793280823
      ],
      [
        104.3305129,
        369.3225898891733
      ],
      [
        108.8473925,
        363.08069168976715
      ],
      [
        112.6785815,
        351.7412313253335
      ],
      [
        117.8422583,
        343.3338955178843
      ],
      [
        122.227216,
        336.91826830265103
      ],
      [
        127.0129266,
        358.6199560080509
      ],
      [
        134.0524515,
        359.3574099636562
      ],
      [
        136.5281786,
        331.01764627433215
      ],
      [
        144.3527131,
        342.5697125803384
      ],
      [
        148.3115387,
        341.0708538117765
      ],
      [
        151.8859707,
        339.4470781493475
      ],
      [
        155.5484764,
        358.1749239601821
      ],
      [
        158.985873,
        326.8191916790551
      ],
      [
        160.763035,
        323.3859200547456
      ],
      [
        165.9647162,
        330.51416686007695
      ],
      [
        170.1215684,
        313.8780258076994
      ],
      [
        172.319955,
        335.8723972920869
      ],
      [
        174.079231,
        313.87802580769926
      ],
      [
        178.4137919,
        333.6710723462557
      ],
      [
        185.8167917,
        379.014433633319
      ],
      [
        189.3620724,
        325.9750727490539
      ],
      [
        190.2403847,
        335.39015451217114
      ],
      [
        191.9366753,
        325.9750727490538
      ],
      [
        197.4194366,
        330.0935003792298
      ],
      [
        201.9712298,
        331.0747270238633
      ],
      [
        207.6492499,
        353.17760481671354
      ],
      [
        210.4502258,
        360.8297345833717
      ],
      [
        212.6713328,
        345.7473879930301
      ],
      [
        215.3758713,
        320.5663996788254
      ],
      [
        217.2677072,
        307.7685219292598
      ],
      [
        218.6770337,
        302.021878228348
      ],
      [
        224.0104647,
        342.1877918663823
      ],
      [
        227.1506819,
        329.63621237345365
      ],
      [
        228.2848325,
        333.3932228251924
      ],
      [
        230.3954372,
        329.775136345265
      ],
      [
        233.2328244,
        330.2002977142888
      ],
      [
        236.9191489,
        336.8269754547219
      ],
      [
        238.8151832,
        329.7794272803732
      ],
      [
        242.5954396,
        341.4165945014006
      ],
      [
        243.8758218,
        302.02187822834804
      ],
      [
        247.1350435,
        353.95455295858096
      ],
      [
        250.0133502,
        335.36025524001445
      ],
      [
        253.8578522,
        344.4788383230309
      ],
      [
        257.6988556,
        328.4017596885149
      ],
      [
        261.2460397,
        333.4667467008407
      ],
      [
        264.5187182,
        325.09938413869384
      ],
      [
        266.2720808,
        335.2446149571355
      ],
      [
        269.6909277,
        328.7441313890126
      ],
      [
        271.9603194,
        307.7685219292598
      ],
      [
        274.1178437,
        309.8864746588339
      ],
      [
        277.5007375,
        334.1668276301807
      ],
      [
        281.8478708,
        317.0719395007405
      ],
      [
        287.1468486,
        311.65894431589874
      ],
      [
        294.6149809,
        335.032759201174
      ],
      [
        295.4179044,
        321.01420135142735
      ],
      [
        298.3719408,
        326.7785448352162
      ],
      [
        300.7805239,
        326.7812967543031
      ],
      [
        301.6899154,
        308.55817683925306
      ],
      [
        307.8582031,
        316.9571835179513
      ],
      [
        310.0180035,
        325.31040598591466
      ],
      [
        313.7734079,
        321.61820427604886
      ],
      [
        315.8367216,
        333.5963228683213
      ],
      [
        318.2953801,
        323.1526345625704
      ],
      [
        318.4797944,
        311.5991195883099
      ],
      [
        321.3521691,
        329.0049899363348
      ],
      [
        323.384127,
        331.3851227564613
      ],
      [
        326.9305587,
        333.93514567868334
      ],
      [
        330.8529293,
        332.49331309220116
      ],
      [
        334.9456326,
        332.2694895287215
      ],
      [
        340.403383,
        317.25508844591695
      ],
      [
        344.0968308,
        364.98835850071066
      ],
      [
        346.4671973,
        324.26354529126974
      ],
      [
        347.7769486,
        338.17620888908016
      ],
      [
        350.8094648,
        364.0134745099834
      ],
      [
        352.1126085,
        307.1842205487774
      ],
      [
        354.0112286,
        316.67306237403477
      ],
      [
        355.4291161,
        311.115471605813
      ],
      [
        357.6125002,
        347.5264689682203
      ],
      [
        360.8119776,
        331.3627999120756
      ],
      [
        362.9186665,
        313.8780258076995
      ],
      [
        364.6923044,
        318.89655466668887
      ],
      [
        366.7051709,
        323.40138545965897
      ],
      [
        369.4543743,
        318.7114526655393
      ],
      [
        374.1841714,
        340.38815127293867
      ],
      [
        376.4645686,
        343.91100439334326
      ],
      [
        380.2690892,
        331.2927688200643
      ],
      [
        384.5835045,
        350.792980882548
      ],
      [
        385.6816272,
        303.5089404613529
      ],
      [
        386.4915591,
        351.6979005642907
      ],
      [
        388.3727541,
        354.58213956430217
      ],
      [
        394.4557053,
