{
  "CP_Rejections": 0,
  "DeletedArcs": 0,
  "ILSIterations": 46,
  "InfTailPath": 0,
  "SolutionProgress": {
    "BestSolProgress": [
      [
        7.6070296,
        451.1690717066518
      ]
    ],
    "CurrSolProgress": [
      [
        7.6070296,
        451.1690717066518
      ],
      [
        37.0344355,
        587.4600479046876
      ],
      [
        49.35024,
        610.5934158436612
      ],
      [
        61.3195822,
        562.7823063960584
      ],
      [
        73.2609924,
        504.1377168126174
      ],
      [
        88.3165271,
        519.1316284356224
      ],
      [
        103.4860091,
        472.90435289594166
      ],
      [
        112.1187537,
        528.7620056299234
      ],
      [
        124.513705,
        506.3021424721288
      ],
      [
        152.1836777,
        576.3277288429716
      ],
      [
        163.1188474,
        568.4953545693143
      ],
      [
        176.6983386,
        547.4604273225378
      ],
      [
        183.9511074,
        533.6754902551309
      ],
      [
        195.5291082,
        654.3038481400255
      ],
      [
        204.973332,
        592.550022805408
      ],
      [
        227.4602545,
        504.05142593353463
      ],
      [
        249.3971406,
        511.2486520860057
      ],
      [
        259.4042646,
        460.52723181082507
      ],
      [
        273.3257454,
        503.12656459590846
      ],
      [
        288.7590073,
        511.0796694051836
      ],
      [
        295.9956808,
        519.8336787494669
      ],
      [
        313.213242,
        567.7939581363682
      ],
      [
        326.0615627,
        532.7546463765563
      ],
      [
        336.7230229,
        501.3621070020848
      ],
      [
        350.044595,
        512.7601627021901
      ],
      [
        378.1716398,
        554.4747816263373
      ],
      [
        400.392448,
        551.7954131425764
      ],
      [
        415.6085084,
        506.84149811765434
      ],
      [
        426.9121166,
        543.313422829673
      ],
      [
        430.7762818,
        518.7544120597024
      ],
      [
        435.0070073,
        491.63257066981134
      ],
      [
        447.497259,
        488.71946311862376
      ],
      [
        469.8908292,
        561.617226032492
      ],
      [
        480.988408,
        460.7864532760037
      ],
      [
        492.7928511,
        503.91019072783445
      ],
      [
        504.0625544,
        504.18949557493863
      ],
      [
        510.4325603,
        545.654538677853
      ],
      [
        516.5512808,
        474.09907181681166
      ],
      [
        531.3258461,
        556.0970500047856
      ],
      [
        544.0820886,
        499.6426912669672
      ],
      [
        552.1447863,
        509.42994961510465
      ],
      [
        557.823502,
        486.59023579480186
      ],
      [
        562.6236944,
        492.8273910185793
      ],
      [
        565.62225,
        456.85670248647625
      ],
      [
        581.9497758,
        493.7410368230531
      ],
      [
        594.6827506,
        472.85781599902896
      ],
      [
        606.5396989,
        489.461510443034
      ]
    ]
  },
  "Timer": {
    "InfeasibleArcs": 0.0,
    "LowerBoundVehicles": 0.0079312,
    "MetaHeuristic": 598.9296772,
    "StartSolution": 7.6100264
  }
}