{
  "CP_Rejections": 0,
  "DeletedArcs": 0,
  "ILSIterations": 14,
  "InfTailPath": 0,
  "SolutionProgress": {
    "BestSolProgress": [
      [
        62.7742675,
        1466.5997820275718
      ]
    ],
    "CurrSolProgress": [
      [
        62.7742675,
        1466.5997820275718
      ],
      [
        96.411501,
        1527.0589818175174
      ],
      [
        145.8536417,
        1516.4425877798647
      ],
      [
        195.127475,
        1513.8682789750753
      ],
      [
        215.5585363,
        1500.6845705728335
      ],
      [
        242.4630266,
        1542.5145122778936
      ],
      [
        278.7644923,
        1524.5064963770844
      ],
      [
        319.8048809,
        1544.4190238004255
      ],
      [
        386.5968143,
        1574.9431307025345
      ],
      [
        463.0983683,
        1564.735913096572
      ],
      [
        500.938976,
        1550.511028405109
      ],
      [
        533.814943,
        1541.3829588248157
      ],
      [
        553.817369,
        1501.344276522908
      ],
      [
        576.2640172,
        1587.2234391201916
      ],
      [
        605.8584724,
        1545.5855170637042
      ]
    ]
  },
  "Timer": {
    "InfeasibleArcs": 0.0,
    "LowerBoundVehicles": 0.0108587,
    "MetaHeuristic": 543.0802439,
    "StartSolution": 62.7782332
  }
}