{
  "CP_Rejections": 0,
  "DeletedArcs": 0,
  "ILSIterations": 18,
  "InfTailPath": 0,
  "SolutionProgress": {
    "BestSolProgress": [
      [
        41.3953232,
        778.269992700007
      ],
      [
        85.3042248,
        767.6138126573443
      ]
    ],
    "CurrSolProgress": [
      [
        41.3953232,
        778.269992700007
      ],
      [
        85.3042248,
        767.6138126573443
      ],
      [
        115.1128939,
        815.0930114034239
      ],
      [
        150.1601475,
        777.0767770412361
      ],
      [
        186.6947231,
        772.8121795491393
      ],
      [
        217.745792,
        793.7518361542917
      ],
      [
        246.7835743,
        820.4793368878418
      ],
      [
        304.7001687,
        894.9949594415508
      ],
      [
        330.0695604,
        791.0155592635233
      ],
      [
        367.4520887,
        818.9872759043914
      ],
      [
        387.2262722,
        820.4402838445791
      ],
      [
        416.3189111,
        867.9757845519541
      ],
      [
        435.721169,
        880.2177247911928
      ],
      [
        453.4164738,
        788.4978021523096
      ],
      [
        493.307048,
        829.0374078978771
      ],
      [
        529.2174462,
        803.7926685990523
      ],
      [
        550.6426158,
        829.7534441601443
      ],
      [
        589.9810087,
        850.1358544712073
      ],
      [
        626.9858112,
        818.62095018794
      ]
    ]
  },
  "Timer": {
    "InfeasibleArcs": 0.0,
    "LowerBoundVehicles": 0.0157026,
    "MetaHeuristic": 585.5860104,
    "StartSolution": 41.3998054
  }
}