{
  "CP_Rejections": 0,
  "DeletedArcs": 0,
  "ILSIterations": 53,
  "InfTailPath": 0,
  "SolutionProgress": {
    "BestSolProgress": [
      [
        7.4066757,
        451.1690717066518
      ]
    ],
    "CurrSolProgress": [
      [
        7.4066757,
        451.1690717066518
      ],
      [
        18.2035217,
        519.6211571792956
      ],
      [
        25.1418207,
        497.7950864699373
      ],
      [
        32.8864238,
        526.8674947260852
      ],
      [
        41.0406618,
        570.5839155222578
      ],
      [
        52.4916905,
        514.8483011099237
      ],
      [
        64.980261,
        519.039433725983
      ],
      [
        73.3372629,
        486.27621341262625
      ],
      [
        84.8388374,
        480.21749550246875
      ],
      [
        98.2412925,
        500.28599244565976
      ],
      [
        106.625218,
        522.8289522024678
      ],
      [
        117.6611854,
        598.19187698232
      ],
      [
        127.0878002,
        514.3207544659265
      ],
      [
        137.6094531,
        553.3497652003216
      ],
      [
        148.8115734,
        501.20059092867945
      ],
      [
        153.6491143,
        522.7312805702395
      ],
      [
        162.4493337,
        512.0437923942653
      ],
      [
        181.3009839,
        516.9638958261572
      ],
      [
        205.2809563,
        520.049098706864
      ],
      [
        214.9664992,
        487.5376923075832
      ],
      [
        225.8591589,
        497.3486251643395
      ],
      [
        235.5812392,
        484.8432255210625
      ],
      [
        237.8507195,
        463.4985567924746
      ],
      [
        246.0800137,
        496.79367568220374
      ],
      [
        255.2519978,
        551.570459769913
      ],
      [
        266.154831,
        522.1726631587946
      ],
      [
        274.6473766,
        525.5841865384589
      ],
      [
        277.8322928,
        476.5609677146923
      ],
      [
        282.7854041,
        531.1497974269703
      ],
      [
        287.9983805,
        526.7636534485412
      ],
      [
        305.1120318,
        476.4318835425358
      ],
      [
        333.566513,
        637.6960207399629
      ],
      [
        355.7760285,
        522.3956843272586
      ],
      [
        367.6742559,
        476.4655351304682
      ],
      [
        376.6286981,
        509.4741908936159
      ],
      [
        396.916983,
        462.4598983565344
      ],
      [
        411.2692912,
        525.2468036753535
      ],
      [
        415.7604859,
        534.1113153179808
      ],
      [
        420.2963753,
        515.9689611839826
      ],
      [
        428.2363732,
        527.0206395516453
      ],
      [
        434.0996972,
        551.3103244385969
      ],
      [
        454.1399944,
        543.9848674162992
      ],
      [
        461.9620125,
        557.4595946328576
      ],
      [
        473.3180344,
        519.3731948951942
      ],
      [
        482.8802527,
        493.4057347855558
      ],
      [
        505.9622637,
        538.8174989910597
      ],
      [
        516.903868,
        529.801443042531
      ],
      [
        539.9588362,
        542.2279470073211
      ],
      [
        548.1224894,
        493.8435012688692
      ],
      [
        559.8487352,
        489.9280934174235
      ],
      [
        573.7064451,
        476.2149059155234
      ],
      [
        585.0168108,
        556.3378285442045
      ],
      [
        590.9873015,
        539.1075618153875
      ],
      [
        602.5433099,
        561.6668828226366
      ]
    ]
  },
  "Timer": {
    "InfeasibleArcs": 0.0,
    "LowerBoundVehicles": 0.0076383,
    "MetaHeuristic": 595.1300133,
    "StartSolution": 7.4133008
  }
}