{
  "CP_Rejections": 0,
  "DeletedArcs": 0,
  "ILSIterations": 15,
  "InfTailPath": 0,
  "SolutionProgress": {
    "BestSolProgress": [
      [
        50.3004517,
        1464.2753091994389
      ],
      [
        240.9136453,
        1398.3442735575543
      ],
      [
        435.8793531,
        1398.107611280081
      ],
      [
        570.7142359,
        1393.6092674375413
      ],
      [
        596.1248023,
        1367.941566045264
      ]
    ],
    "CurrSolProgress": [
      [
        50.3004517,
        1464.2753091994389
      ],
      [
        70.8280117,
        1494.1346566798463
      ],
      [
        95.9701198,
        1470.3133673955656
      ],
      [
        118.8399676,
        1546.660381601534
      ],
      [
        191.558051,
        1487.5237687539434
      ],
      [
        240.9136453,
        1398.3442735575543
      ],
      [
        297.4667916,
        1447.5933210382354
      ],
      [
        345.4425366,
        1452.7478840069298
      ],
      [
        380.8602357,
        1424.2577444888038
      ],
      [
        417.8374004,
        1435.7745495474858
      ],
      [
        435.8793531,
        1398.107611280081
      ],
      [
        496.2139066,
        1468.1890968947343
      ],
      [
        535.5206066,
        1413.6613912909613
      ],
      [
        570.7142359,
        1393.6092674375413
      ],
      [
        596.1248023,
        1367.941566045264
      ],
      [
        641.6052794,
        1434.1577199008314
      ]
    ]
  },
  "Timer": {
    "InfeasibleArcs": 0.0,
    "LowerBoundVehicles": 0.0126154,
    "MetaHeuristic": 591.3010694,
    "StartSolution": 50.3042143
  }
}