{
  "CP_Rejections": 0,
  "DeletedArcs": 0,
  "ILSIterations": 39,
  "InfTailPath": 0,
  "SolutionProgress": {
    "BestSolProgress": [
      [
        7.534727,
        844.9733418835673
      ],
      [
        30.3669446,
        825.469650051782
      ],
      [
        64.6126268,
        805.1674289056162
      ],
      [
        74.7432143,
        799.4306927579543
      ],
      [
        563.8527286,
        798.4574972144703
      ]
    ],
    "CurrSolProgress": [
      [
        7.534727,
        844.9733418835673
      ],
      [
        23.9146691,
        875.4854833509487
      ],
      [
        30.3669446,
        825.469650051782
      ],
      [
        43.6893164,
        860.4507189027298
      ],
      [
        46.7971798,
        847.7432175379363
      ],
      [
        57.055844,
        870.3233277678689
      ],
      [
        64.6126268,
        805.1674289056162
      ],
      [
        74.7432143,
        799.4306927579543
      ],
      [
        89.7410739,
        852.4906193938779
      ],
      [
        110.3725598,
        884.1331687916061
      ],
      [
        138.1999808,
        813.2243227599363
      ],
      [
        151.2475179,
        891.3424730186615
      ],
      [
        168.5131005,
        902.2732812481654
      ],
      [
        199.3299189,
        972.1901347355453
      ],
      [
        215.6227261,
        822.9454207888525
      ],
      [
        241.8824837,
        906.3129556501573
      ],
      [
        261.4992358,
        914.0511407995442
      ],
      [
        272.5620788,
        809.1057812765579
      ],
      [
        297.4624486,
        881.3933030136336
      ],
      [
        314.5821532,
        840.7561485619382
      ],
      [
        331.582046,
        898.9312396144894
      ],
      [
        349.1374302,
        826.9123057911704
      ],
      [
        360.4745239,
        856.1069191590768
      ],
      [
        382.4046321,
        908.813697261896
      ],
      [
        410.8255698,
        863.46808072081
      ],
      [
        425.2639871,
        943.6275157767894
      ],
      [
        440.7980931,
        882.8457547388198
      ],
      [
        457.0855471,
        958.596152829639
      ],
      [
        480.1548963,
        995.3619014132954
      ],
      [
        489.4836765,
        840.6132132096809
      ],
      [
        498.1446016,
        847.2344305928538
      ],
      [
        527.5705412,
        890.8386393035337
      ],
      [
        534.918639,
        850.172808629541
      ],
      [
        547.1720149,
        888.6743715519565
      ],
      [
        557.1644261,
        813.7157499761996
      ],
      [
        563.8527286,
        798.4574972144703
      ],
      [
        572.2471537,
        874.200083536197
      ],
      [
        586.2971854,
        883.7964616163197
      ],
      [
        593.149538,
        900.6415354205101
      ],
      [
        602.4976214,
        806.170962610459
      ]
    ]
  },
  "Timer": {
    "InfeasibleArcs": 0.0,
    "LowerBoundVehicles": 0.0374224,
    "MetaHeuristic": 594.9592894,
    "StartSolution": 7.5383364
  }
}