{
  "CP_Rejections": 0,
  "DeletedArcs": 0,
  "ILSIterations": 36,
  "InfTailPath": 0,
  "SolutionProgress": {
    "BestSolProgress": [
      [
        7.2385188,
        844.9733418835673
      ],
      [
        59.5599322,
        821.2133714409093
      ],
      [
        106.142092,
        811.1114530198121
      ],
      [
        250.1715101,
        808.4902929334387
      ],
      [
        522.2966449,
        803.296096361011
      ]
    ],
    "CurrSolProgress": [
      [
        7.2385188,
        844.9733418835673
      ],
      [
        12.538859,
        888.5576347104407
      ],
      [
        25.1787864,
        910.3617903881697
      ],
      [
        31.9626585,
        925.7238185367564
      ],
      [
        36.4442307,
        871.2529961790258
      ],
      [
        44.1112077,
        971.7129783008038
      ],
      [
        49.2433396,
        874.4773436480133
      ],
      [
        59.5599322,
        821.2133714409093
      ],
      [
        69.7013892,
        851.1400639997591
      ],
      [
        90.1850527,
        841.412361420971
      ],
      [
        106.142092,
        811.1114530198121
      ],
      [
        132.0828675,
        828.8951691742598
      ],
      [
        145.7428702,
        849.7617396889273
      ],
      [
        168.4927324,
        981.1021770273136
      ],
      [
        201.1368364,
        1062.5030079109417
      ],
      [
        222.4804883,
        866.506706530989
      ],
      [
        232.6409265,
        860.5646507022993
      ],
      [
        250.1715101,
        808.4902929334387
      ],
      [
        265.2909958,
        865.7358870729063
      ],
      [
        276.0829884,
        872.7254636270285
      ],
      [
        294.6399573,
        824.6372436146851
      ],
      [
        325.4361029,
        878.7616047499806
      ],
      [
        338.8312773,
        862.8941095074447
      ],
      [
        353.3440074,
        873.454480518764
      ],
      [
        372.681009,
        967.9377992433234
      ],
      [
        401.5211972,
        1049.2914273497793
      ],
      [
        448.4124391,
        1040.448035198746
      ],
      [
        462.6571667,
        994.7263087237366
      ],
      [
        489.6817757,
        985.2895085724308
      ],
      [
        502.4667024,
        837.9577898340467
      ],
      [
        511.2054136,
        832.5306631659734
      ],
      [
        522.2966449,
        803.296096361011
      ],
      [
        532.2546906,
        827.016108739414
      ],
      [
        557.0551705,
        858.2154013730385
      ],
      [
        582.414154,
        866.2902225437356
      ],
      [
        595.4173531,
        882.4751995040602
      ],
      [
        611.490713,
        846.4496156209308
      ]
    ]
  },
  "Timer": {
    "InfeasibleArcs": 0.0,
    "LowerBoundVehicles": 0.0346804,
    "MetaHeuristic": 604.2487496,
    "StartSolution": 7.2419681
  }
}