{
  "CP_Rejections": 0,
  "DeletedArcs": 0,
  "ILSIterations": 10,
  "InfTailPath": 0,
  "SolutionProgress": {
    "BestSolProgress": [
      [
        78.7531361,
        1135.4697569042594
      ]
    ],
    "CurrSolProgress": [
      [
        78.7531361,
        1135.4697569042594
      ],
      [
        102.7965114,
        1159.39052850096
      ],
      [
        164.0200885,
        1193.4116461480905
      ],
      [
        216.4860483,
        1187.473496074757
      ],
      [
        261.5948348,
        1182.9905676496262
      ],
      [
        297.5594668,
        1169.049178139331
      ],
      [
        347.597998,
        1222.1558439259795
      ],
      [
        394.1286745,
        1243.5207930767642
      ],
      [
        452.1240793,
        1263.556007863793
      ],
      [
        531.9493671,
        1310.7506524100525
      ],
      [
        629.2456037,
        1315.050331644645
      ]
    ]
  },
  "Timer": {
    "InfeasibleArcs": 0.0,
    "LowerBoundVehicles": 0.0373604,
    "MetaHeuristic": 550.4868579,
    "StartSolution": 78.7587524
  }
}