{
  "CP_Rejections": 0,
  "DeletedArcs": 0,
  "ILSIterations": 86,
  "InfTailPath": 0,
  "SolutionProgress": {
    "BestSolProgress": [
      [
        4.0613346,
        900.8369608032973
      ],
      [
        8.4212943,
        864.3907307973903
      ],
      [
        65.9782753,
        858.378366482794
      ],
      [
        113.98867,
        856.0619229645303
      ],
      [
        169.4182449,
        829.4023920139078
      ],
      [
        237.1172105,
        809.1633464596907
      ]
    ],
    "CurrSolProgress": [
      [
        4.0613346,
        900.8369608032973
      ],
      [
        8.4212943,
        864.3907307973903
      ],
      [
        12.2441045,
        899.3833200822469
      ],
      [
        20.910604,
        962.7434391827952
      ],
      [
        31.3446438,
        892.9995877066938
      ],
      [
        37.0115612,
        911.7845091961769
      ],
      [
        52.3952738,
        915.5758223897687
      ],
      [
        57.7509879,
        900.0365616135086
      ],
      [
        59.2396409,
        894.5340333440471
      ],
      [
        62.7769923,
        891.247126719272
      ],
      [
        65.9782753,
        858.378366482794
      ],
      [
        74.9963112,
        907.5056385179231
      ],
      [
        84.0654061,
        937.4824716994985
      ],
      [
        88.9963068,
        1003.6526932661274
      ],
      [
        96.9789846,
        1019.2723430491246
      ],
      [
        101.8995603,
        944.5082315202104
      ],
      [
        111.0194437,
        899.9691555942504
      ],
      [
        113.98867,
        856.0619229645303
      ],
      [
        116.4919062,
        902.7205622318897
      ],
      [
        123.3251832,
        939.3635141307973
      ],
      [
        127.5527202,
        896.2068562724372
      ],
      [
        131.0800118,
        918.4041908708334
      ],
      [
        135.7024925,
        874.9033251392665
      ],
      [
        144.1728906,
        925.9166257796754
      ],
      [
        151.2773262,
        869.4344802018034
      ],
      [
        158.7943368,
        972.7112010044286
      ],
      [
        162.3096324,
        883.6104174861501
      ],
      [
        164.071745,
        910.1295960247996
      ],
      [
        167.8844614,
        927.6666430313203
      ],
      [
        169.4182449,
        829.4023920139078
      ],
      [
        172.7648503,
        953.2236115289974
      ],
      [
        175.6265886,
        940.4087589735097
      ],
      [
        187.9730591,
        968.768716139329
      ],
      [
        199.9845116,
        984.7450409448757
      ],
      [
        214.1700848,
        948.6669241600125
      ],
      [
        222.4796463,
        877.0372632767318
      ],
      [
        225.2967375,
        854.2063335279805
      ],
      [
        232.0576614,
        874.2815451144437
      ],
      [
        237.1172105,
        809.1633464596907
      ],
      [
        245.6506711,
        966.3310715874175
      ],
      [
        253.0858667,
        1010.1854807429407
      ],
      [
        261.726083,
        882.1166655901906
      ],
      [
        263.5238003,
        898.745145299056
      ],
      [
        268.2851484,
        878.2745972940705
      ],
      [
        273.8643225,
        844.7451023418508
      ],
      [
        282.7770776,
        852.9188061639354
      ],
      [
        308.4348092,
        866.7174027689175
      ],
      [
        332.3016418,
        1008.755215040841
      ],
      [
        345.2342572,
        1048.9676923083034
      ],
      [
        350.1091856,
        890.7772789960258
      ],
      [
        355.5363062,
        830.3376151176151
      ],
      [
        357.402607,
        869.5932297348675
      ],
      [
        358.9411198,
        873.7962435525782
      ],
      [
        362.5040214,
        868.8633839230861
      ],
      [
        368.9435532,
        921.3844561391662
      ],
      [
        370.9457059,
        815.3967190324478
      ],
      [
        378.9203195,
        866.1825014472294
      ],
      [
        391.9490694,
        899.9271567819724
      ],
      [
        396.5810296,
        850.2935972680356
      ],
      [
        401.6595422,
        850.3902013048797
      ],
      [
        404.5139702,
        878.2730585470468
      ],
      [
        416.4887368,
        870.5625998734861
      ],
      [
        432.422112,
        959.7138910033503
      ],
      [
        454.8211308,
        999.7572244887535
      ],
      [
        469.6581957,
        1017.4836837916704
      ],
      [
        474.6040011,
        916.5542677909295
      ],
      [
        481.3409348,
        942.7790605070454
      ],
      [
        492.3565136,
        929.2829612813483
      ],
      [
        496.1051752,
        909.2997114438481
      ],
      [
        500.3539966,
        890.8943885427659
      ],
      [
        505.5312269,
        846.3052635940012
      ],
      [
        515.4321483,
        874.8344449516212
      ],
      [
        522.9396572,
        904.9113717090017
      ],
      [
        529.9381878,
        945.7836352767567
      ],
      [
        533.2741979,
        867.3888511675723
      ],
      [
        538.6696321,
        966.8352114320929
      ],
      [
        547.954159,
        1050.37054489122
      ],
      [
        558.6271128,
        929.9601827737932
      ],
      [
        562.4451618,
        839.2271929802434
      ],
      [
        566.0545975,
        840.4684010653867
      ],
      [
        569.5796775,
        896.3278974440958
      ],
      [
        573.7410615,
        984.2811442286086
      ],
      [
        580.6608626,
        977.4178899370374
      ],
      [
        586.0538769,
        937.7304406928564
      ],
      [
        591.967016,
        910.977024023331
      ],
      [
        598.6191822,
        957.7876516694536
      ],
      [
        604.3248821,
        935.4082079166348
      ]
    ]
  },
  "Timer": {
    "InfeasibleArcs": 0.0,
    "LowerBoundVehicles": 0.0398159,
    "MetaHeuristic": 600.2599289,
    "StartSolution": 4.0649573
  }
}