{"mean": [8.980383588540233, 0.5522797558474106, 0.4330299374062523, 1.3421499031794961, 1.7565249798135794, 0.2606054288172955, 3.5413751441649604, 3.595882050115532, 3.5285035577318316, 0.48057773710684276, 1.597028786844589, 0.9280864855171576, 0.3870045618326137, 1.1520476757850293, 3.8482844993130674, 2.2238127622064616, 0.9458510039523758, 0.23513481430645672, 0.7955164533669321, 0.461957769776158, 0.19636916925031628, 0.2503231290480924, 0.5518117494941754, 0.40139817997083604, 0.114139198314978, 0.25390831707112665, 0.5469468954150555, 0.39875986054517326, 0.11039810000368977, 0.24931579010379876, 0.5494764168073397, 0.3963213547581103, 0.11291320640445719, 0.028258919072076463, 0.11596068816071446, 0.06306079775911123, 0.030670437034419358], "std": [4.542574666190125, 0.25817895725065687, 0.2624042054111846, 1.1861854133092038, 1.32262761023573, 0.16884869853746742, 1.736137382976718, 1.820600846167675, 1.7366738624401614, 0.15793115479639408, 0.4199624985683886, 0.164538505613964, 0.1434223716511253, 0.368873534625004, 0.9656536262616869, 0.38867121137052396, 0.34434682788987675, 0.07502100673203468, 0.2141947527415865, 0.08455718597662734, 0.0752355053676266, 0.05850864623975169, 0.05947275617546878, 0.04637618628851455, 0.03033854027095071, 0.057554911326174, 0.052707942365737524, 0.04594483313697658, 0.0296601897654025, 0.0566394912514526, 0.05802027078449721, 0.046566769028299516, 0.028894944036580245, 0.012248183590697672, 0.0308359437923502, 0.012839438999643599, 0.011098992462729282]}