{
  "CP_Rejections": 0,
  "DeletedArcs": 0,
  "ILSIterations": 31,
  "InfTailPath": 0,
  "SolutionProgress": {
    "BestSolProgress": [
      [
        15.0410618,
        863.255570999596
      ],
      [
        169.9655231,
        861.9395068011404
      ],
      [
        189.3083249,
        837.2567866471434
      ],
      [
        327.5868253,
        834.3909500198922
      ]
    ],
    "CurrSolProgress": [
      [
        15.0410618,
        863.255570999596
      ],
      [
        21.6594015,
        887.2232293730987
      ],
      [
        28.4836444,
        888.7703963311285
      ],
      [
        38.0699435,
        958.5785212445642
      ],
      [
        46.4087077,
        931.8778406848917
      ],
      [
        60.1657822,
        1022.8303970124598
      ],
      [
        96.5245734,
        982.5592734360054
      ],
      [
        104.6711968,
        903.7856003261919
      ],
      [
        122.6182882,
        964.533225282696
      ],
      [
        143.1948246,
        1004.536455527363
      ],
      [
        169.9655231,
        861.9395068011404
      ],
      [
        189.3083249,
        837.2567866471434
      ],
      [
        216.8804031,
        899.2827085477192
      ],
      [
        234.233397,
        874.6716968107264
      ],
      [
        262.4531044,
        846.6574851035427
      ],
      [
        279.8313599,
        852.4284091384397
      ],
      [
        296.2813703,
        845.8046270884488
      ],
      [
        319.1571651,
        850.0072564297978
      ],
      [
        327.5868253,
        834.3909500198922
      ],
      [
        349.0178958,
        908.1922295612076
      ],
      [
        375.9948822,
        960.9192630959774
      ],
      [
        408.8560629,
        901.5969026274124
      ],
      [
        439.9947413,
        992.1259406232888
      ],
      [
        454.4913403,
        1019.0323496822934
      ],
      [
        480.2757376,
        938.6451052713646
      ],
      [
        510.7944737,
        860.1348484529778
      ],
      [
        527.7306912,
        912.8081572302244
      ],
      [
        545.5343124,
        854.4525153891309
      ],
      [
        563.8566328,
        940.9184264497637
      ],
      [
        576.8038872,
        864.2872517602552
      ],
      [
        584.328481,
        859.8109621337948
      ],
      [
        608.7754117,
        883.7587639717564
      ]
    ]
  },
  "Timer": {
    "InfeasibleArcs": 0.0,
    "LowerBoundVehicles": 0.0099,
    "MetaHeuristic": 593.7305374,
    "StartSolution": 15.0448793
  }
}