{
  "CP_Rejections": 0,
  "DeletedArcs": 0,
  "ILSIterations": 14,
  "InfTailPath": 0,
  "SolutionProgress": {
    "BestSolProgress": [
      [
        50.394195,
        1223.629680521974
      ]
    ],
    "CurrSolProgress": [
      [
        50.394195,
        1223.629680521974
      ],
      [
        123.7048289,
        1267.076964728659
      ],
      [
        159.3180682,
        1223.9213418784384
      ],
      [
        197.5934165,
        1276.9159196252638
      ],
      [
        264.0999261,
        1285.657249258469
      ],
      [
        303.4268082,
        1304.602004994763
      ],
      [
        330.00152,
        1256.9013519124892
      ],
      [
        365.7930628,
        1249.9409152915612
      ],
      [
        412.0793668,
        1269.1702622870675
      ],
      [
        453.3150801,
        1225.3323822158954
      ],
      [
        480.029147,
        1283.4942521512153
      ],
      [
        520.2105848,
        1293.0925078234266
      ],
      [
        546.2154399,
        1233.7529436992086
      ],
      [
        588.3231211,
        1334.9562432434104
      ],
      [
        621.4328578,
        1386.1264527706599
      ]
    ]
  },
  "Timer": {
    "InfeasibleArcs": 0.0,
    "LowerBoundVehicles": 0.0133979,
    "MetaHeuristic": 571.0344569,
    "StartSolution": 50.3984069
  }
}