{
  "CP_Rejections": 0,
  "DeletedArcs": 0,
  "ILSIterations": 43,
  "InfTailPath": 0,
  "SolutionProgress": {
    "BestSolProgress": [
      [
        7.4246927,
        844.9733418835673
      ],
      [
        15.818717,
        840.353042049987
      ],
      [
        19.9014957,
        823.8519101330023
      ],
      [
        35.9200567,
        819.548692991036
      ],
      [
        180.566021,
        817.8607312857855
      ],
      [
        192.8709475,
        769.6780826773512
      ]
    ],
    "CurrSolProgress": [
      [
        7.4246927,
        844.9733418835673
      ],
      [
        12.5769852,
        869.640744878938
      ],
      [
        15.818717,
        840.353042049987
      ],
      [
        19.9014957,
        823.8519101330023
      ],
      [
        35.9200567,
        819.548692991036
      ],
      [
        78.8282561,
        833.5262739099379
      ],
      [
        93.4355001,
        879.309433713729
      ],
      [
        101.8394902,
        946.0833530896355
      ],
      [
        123.2851184,
        839.8323253784865
      ],
      [
        161.7426609,
        872.030785472865
      ],
      [
        180.566021,
        817.8607312857855
      ],
      [
        192.8709475,
        769.6780826773512
      ],
      [
        199.4366865,
        811.1925070459766
      ],
      [
        212.1011305,
        824.5414694361751
      ],
      [
        222.3871625,
        797.67694991044
      ],
      [
        232.2778917,
        854.0147453186696
      ],
      [
        250.2247725,
        847.4567431870169
      ],
      [
        268.4861197,
        874.6460363899831
      ],
      [
        279.8815874,
        904.6792292628252
      ],
      [
        292.7627261,
        831.219229274926
      ],
      [
        319.5313654,
        802.2051000816637
      ],
      [
        330.984465,
        854.2816402433249
      ],
      [
        353.3848698,
        1012.3356195884297
      ],
      [
        358.5896733,
        778.6604350849885
      ],
      [
        366.6557428,
        812.8101889147265
      ],
      [
        371.6037113,
        809.5688728872025
      ],
      [
        379.4360955,
        802.1941013928198
      ],
      [
        388.4762267,
        827.8380026761965
      ],
      [
        406.5515946,
        879.4283478538501
      ],
      [
        418.4541193,
        895.321704804908
      ],
      [
        439.5857174,
        917.9634903812363
      ],
      [
        461.655881,
        860.073093787814
      ],
      [
        475.472009,
        830.7991167878905
      ],
      [
        481.7818804,
        813.8664874908574
      ],
      [
        486.9845801,
        862.1782168822496
      ],
      [
        494.67927,
        842.3582268460441
      ],
      [
        501.0714412,
        819.0630681412545
      ],
      [
        542.0059089,
        833.5534173007952
      ],
      [
        546.9022906,
        771.4779743473939
      ],
      [
        556.6328103,
        807.7247580965975
      ],
      [
        564.0727704,
        830.8753503220274
      ],
      [
        574.0477867,
        809.4128391783706
      ],
      [
        577.3130863,
        818.676612576965
      ],
      [
        607.1245749,
        923.6712513450615
      ]
    ]
  },
  "Timer": {
    "InfeasibleArcs": 0.0,
    "LowerBoundVehicles": 0.0346349,
    "MetaHeuristic": 599.6965334,
    "StartSolution": 7.4280465
  }
}